Locality,Start_Price,End_Price,Quarterly_Growth,Quarterly Growth (%),CAGR,CAGR (%)
100 feet ring road,9300.0,10139.0,0.0036054412649901835,0.3605,0.014499947940737501,1.45
jakkuru layout,5300.0,9448.0,0.024379787511151774,2.438,0.10114371041073933,10.11
rajajinagar,9219.0,18416.0,0.029251034402517417,2.9251,0.12223871921534202,12.22
thanisandra,5163.0,10459.0,0.02985125265169608,2.9851,0.12485878985115972,12.49
jalahalli,5601.0,7675.0,0.013212487798887507,1.3212,0.053906626680390035,5.39
channasandra,7025.0,9900.0,0.014396797421722285,1.4397,0.05884277527156501,5.88
jalahalli west,5116.0,6598.0,0.010656113273115109,1.0656,0.043310622611093974,4.33
rachenahalli main road,5500.0,12218.0,0.033815945250591284,3.3816,0.14228087414432333,14.23
chandapura anekal road,4246.0,5129.0,0.007903290128506546,0.7903,0.03198991100572868,3.2
thanisandra main road,5715.0,10268.0,0.024714545805014643,2.4715,0.10258379239923299,10.26
chandapura,4010.0,4932.0,0.00866034164170526,0.866,0.03509397945121018,3.51
jayanagar,10180.0,13829.0,0.012846095584546635,1.2846,0.05238302216347601,5.24
rachenahalli,5740.0,10587.0,0.02583507097803417,2.5835,0.10741440932219337,10.74
jcr layout,7710.0,13189.0,0.022621443862988144,2.2621,0.09360271991469626,9.36
thimmaiah road,14570.0,17756.0,0.008273994629618864,0.8274,0.03350900284506175,3.35
jigani,2200.0,4685.0,0.031997443476918574,3.1997,0.13426488107093193,13.43
cambridge road,9723.0,15024.0,0.018296818875940923,1.8297,0.07522053022929054,7.52
queens road,12917.0,17573.0,0.012908410097530965,1.2908,0.05264203402341727,5.26
byatarayanapura,7561.0,12182.0,0.020071952518725178,2.0072,0.08273761867341922,8.27
thubarahalli,5611.0,7721.0,0.013389468933901805,1.3389,0.0546431768884863,5.46
jp nagar,5507.0,9597.0,0.023412814840147345,2.3413,0.09699185509714625,9.7
budigere road,5200.0,9699.0,0.02631375771877087,2.6314,0.10948287342437335,10.95
channasandra main road,6095.0,9000.0,0.016372408302202546,1.6372,0.06711559445736559,6.71
chellikere,4850.0,9731.0,0.029439090629387987,2.9439,0.12305912869557978,12.31
huskur road,4800.0,6528.0,0.01289428602324838,1.2894,0.05258332275924493,5.26
jakkur road,6225.0,7556.0,0.008106367911520529,0.8106,0.03282188595013502,3.28
hutchins road,9500.0,12206.0,0.01049787992433604,1.0498,0.04265739243573341,4.27
chunchgatta main road,6100.0,8800.0,0.015386460812545133,1.5386,0.06298092891394913,6.3
choodasandra,4800.0,8399.0,0.023586220984327833,2.3586,0.09773553732528839,9.77
rashtriya vidyalaya road,9375.0,11937.0,0.010117348102347545,1.0117,0.04108770975951037,4.11
immadihalli,5223.0,12745.0,0.037868885289772836,3.7869,0.16029913637853865,16.03
thalaghattapura main road,4650.0,9085.0,0.028299597428198764,2.83,0.11809489126774575,11.81
indiranagar,10300.0,15695.0,0.01770483382698118,1.7705,0.0727223995204973,7.27
ramamurthy nagar,4495.0,5854.0,0.011067442665235738,1.1067,0.04501013791559383,4.5
itpl,6728.0,13060.0,0.028021939141316787,2.8022,0.11688776215461205,11.69
thambu chetty palya,4238.0,8000.0,0.02682644050362759,2.6826,0.11170145082301852,11.17
chikkakannalli,8150.0,12239.0,0.017086399411150976,1.7086,0.07011730630410584,7.01
jakkur,5524.0,9238.0,0.02165714985107625,2.1657,0.08948364383082064,8.95
thambu chetty palya main road,5000.0,9500.0,0.027104739804462152,2.7105,0.11290715229536152,11.29
thambu chetty palya main road,5000.0,9000.0,0.024793481715973398,2.4793,0.10292356902673916,10.29
ramagondanahalli whitefield,6744.0,13073.0,0.02796281299059067,2.7963,0.11663083543068109,11.66
pulikeshi nagar,8867.0,13200.0,0.016716529559046567,1.6717,0.06856153571312751,6.86
budigere cross,4776.0,9605.0,0.029539571329124215,2.954,0.12349766766711667,12.35
kalkere main road,2879.0,5613.0,0.028208975753387877,2.8209,0.11770080285788098,11.77
block 9th jayanagara,8363.0,16250.0,0.02806475257181784,2.8065,0.11707383127241755,11.71
block 9th jayanagara,8363.0,15627.0,0.02639153862288368,2.6392,0.10981924771940776,10.98
kalyan nagar,4908.0,7603.0,0.018403816509194426,1.8404,0.0756725170520296,7.57
vajarahalli,3900.0,8193.0,0.03141259668505514,3.1413,0.13169585347492774,13.17
binny pete,8333.0,12588.0,0.017336921546544648,1.7337,0.07117203337427513,7.12
phase 2nd judicial layout,3950.0,9808.0,0.03862229300959785,3.8622,0.1636719348986111,16.37
bilekahalli,5300.0,7703.0,0.01570128332477294,1.5701,0.06429985923277926,6.43
kammasandra electronic city,4250.0,5600.0,0.011559956407481753,1.156,0.04704781818821302,4.7
varthur,5119.0,12716.0,0.03864043163708164,3.864,0.16375322706737228,16.38
phase 2 electronic city,4519.0,6911.0,0.017858574825996953,1.7859,0.07337075563623663,7.34
kanakapura road,5212.0,9328.0,0.024548854516541985,2.4549,0.10187083589838375,10.19
bhoganhalli,6161.0,15855.0,0.040171123989118485,4.0171,0.17062871491811005,17.06
varthur lake road,5100.0,13140.0,0.040222035863235917,4.0222,0.17085792057938187,17.09
phase 1 electronics city,4617.0,7387.0,0.0197753484893175,1.9775,0.08147886707567475,8.15
kannamangala,5250.0,9869.0,0.0266476330834593,2.6648,0.11092730421220875,11.09
uttarahalli main road,4747.0,7437.0,0.01888250759843313,1.8883,0.07769638224406417,7.77
bommanahalli,4718.0,6356.0,0.012494675433590618,1.2495,0.05092323011268762,5.09
kadugodi,4808.0,7987.0,0.021372438622679013,2.1372,0.08826970004268953,8.83
budigere,5100.0,9591.0,0.026665349941783267,2.6665,0.11100399128773786,11.1
btm layout,5620.0,10292.0,0.025530255507320687,2.553,0.10609877240619059,10.61
tumkur road,5271.0,10936.0,0.03087710700049562,3.0877,0.12934746379443984,12.93
phase 8th jp nagar,4498.0,6808.0,0.017419375549130534,1.7419,0.07151934470434562,7.15
kadubeesanahalli road,7900.0,12810.0,0.020344320909458924,2.0344,0.08389448466082872,8.39
brookefield,5877.0,11324.0,0.02770508901367652,2.7705,0.11551143956255117,11.55
phase 5 jp nagar,5181.0,6840.0,0.011641813001250334,1.1642,0.04738677257755808,4.74
phase 7 jp nagar,6417.0,10151.0,0.019292979231046115,1.9293,0.07943409461428086,7.94
ulsoor road,11775.0,15598.0,0.011784060565158017,1.1784,0.04797599157536192,4.8
kaggadasapura,4381.0,5735.0,0.011284475632878932,1.1284,0.045907702921678784,4.59
kaikondrahalli,3650.0,11361.0,0.04844781908553775,4.8448,0.20833479786688547,20.83
phase 6 jp nagar,6033.0,10590.0,0.02372138708691951,2.3721,0.09831548271274593,9.83
bommasandra,2950.0,5340.0,0.025034072439743094,2.5034,0.10395966710710258,10.4
kalena agrahara,6135.0,8545.0,0.013901415023956032,1.3901,0.056775939236236805,5.68
uttarahalli hobli,4747.0,7186.0,0.017426001997166596,1.7426,0.07154726018067814,7.15
bommanahalli road,4600.0,6974.0,0.017490050794910506,1.749,0.07181710897390592,7.18
kalkere,4478.0,5747.0,0.010450119274289404,1.045,0.04246028380077127,4.25
rayasandra,4184.0,7441.0,0.024279115700628573,2.4279,0.10071091081056549,10.07
church street,15236.0,19864.0,0.011113298951970663,1.1113,0.04519973375337849,4.52
peenya,5830.0,9508.0,0.02058894345740203,2.0589,0.08493429207162562,8.49
mysore road,4675.0,6864.0,0.016131276514048665,1.6131,0.06610327286081841,6.61
sanjayanagara,7686.0,9221.0,0.007615644266103061,0.7616,0.030812335423401116,3.08
haralur,5550.0,10759.0,0.027964906266518152,2.7965,0.11663993079311186,11.66
singasandra,4377.0,6108.0,0.013981668105841116,1.3982,0.05711056583649832,5.71
haralur main road,6540.0,9400.0,0.015230339103565527,1.523,0.06232732111102113,6.23
dommasandra,3600.0,9889.0,0.04300264915289831,4.3003,0.1834274700432057,18.34
sanjay nagar main road,6126.0,11822.0,0.027771132080100847,2.7771,0.1157982101496029,11.58
hbr layout,5200.0,7338.0,0.014453781005047128,1.4454,0.059080716637152975,5.91
domlur,8809.0,11998.0,0.012956806461867032,1.2957,0.05284322772714112,5.28
somasundarapalya main road,6045.0,8993.0,0.01668834587574297,1.6688,0.06844305727071465,6.84
hebbal,7735.0,13446.0,0.0233060290185918,2.3306,0.09653407367607358,9.65
hebbal kempapura,8211.0,7989.0,-0.0011413949138520119,-0.1141,-0.0045577689075712025,-0.46
doddanekundi,5013.0,6908.0,0.013449880968572803,1.345,0.054894684683365336,5.49
hennur bagalur main road,5500.0,8657.0,0.01908059115080185,1.9081,0.07853469750520214,7.85
hennur bande,2929.0,9731.0,0.05129981390251315,5.13,0.22153622365141734,22.15
hennur gardens,5272.0,8842.0,0.021779761248367446,2.178,0.09000674362514549,9.0
doddakannelli chikkanayakana halli road,5058.0,10659.0,0.03154711366763485,3.1547,0.1322863527406022,13.23
doddakannelli chikkanayakana halli road,5058.0,10659.0,0.03154711366763485,3.1547,0.1322863527406022,13.23
dr rajkumar road,8900.0,12657.0,0.014781479022098143,1.4781,0.06044983510656077,6.04
subramanyapura main road,4250.0,6991.0,0.020954212759260793,2.0954,0.08648832024345054,8.65
hal old airport road,6800.0,12486.0,0.02564350482498501,2.5644,0.10658743934355663,10.66
seegehalli,3750.0,8467.0,0.034516516691378785,3.4517,0.14538031624336534,14.54
gottigere,5094.0,6169.0,0.00800996673705301,0.801,0.03242688413142858,3.24
gkvk road,3250.0,7137.0,0.03331963210855782,3.332,0.1400889138169008,14.01
gottigere main road,3500.0,6566.0,0.026560859188407004,2.6561,0.11055176243864917,11.06
seegehalli krishnarajapura,4048.0,7522.0,0.02615319349628109,2.6153,0.1087887330492403,10.88
sarjapura attibele road,3990.0,8476.0,0.03189161989482292,3.1892,0.13379971126953016,13.38
gubbalala,5015.0,6640.0,0.011763592425698688,1.1764,0.0478911929757615,4.79
sarjapura,5594.0,10838.0,0.027940029667344435,2.794,0.11653184462992017,11.65
gunjur,4472.0,10050.0,0.034314654109882436,3.4315,0.14448659725660185,14.45
epip zone,8150.0,14841.0,0.025288449590934903,2.5288,0.10505592985641887,10.51
gunjur balagere road,4400.0,9132.0,0.03089171919406719,3.0892,0.12941149701240162,12.94
electronic city,4633.0,6519.0,0.014331575562241738,1.4332,0.0585704832661178,5.86
sarjapur road,5908.0,10751.0,0.02525921711895207,2.5259,0.10492990820849135,10.49
ecc road,5781.0,13981.0,0.03748215653505338,3.7482,0.15857070880399626,15.86
hennur main road,5431.0,9081.0,0.02165024786491121,2.165,0.0894542033288348,8.95
doddakannelli,5351.0,10607.0,0.028919901330734854,2.892,0.12079521885489597,12.08
hosa road area,4500.0,7210.0,0.01983547449539058,1.9835,0.08173394582833682,8.17
stage 6th banashankari,5509.0,9755.0,0.02409388021867498,2.4094,0.09991489569805889,9.99
richmond town,10700.0,16714.0,0.01875720328245367,1.8757,0.07716633055394517,7.72
cv raman nagar,6184.0,7594.0,0.008594772720169397,0.8595,0.034824856633643986,3.48
cunningham road,18218.0,19437.0,0.0027023259603515815,0.2702,0.010853198223959915,1.09
hoskote chintamani road,2948.0,5173.0,0.023706886881661893,2.3707,0.09825325694789822,9.83
cooke town,8772.0,12408.0,0.014553916549438606,1.4554,0.059498941023444774,5.95
richards town,9450.0,12062.0,0.010220428482719868,1.022,0.041512738180065956,4.15
subramanyapura,4617.0,6739.0,0.015881728511600413,1.5882,0.06505637681821264,6.51
hosur road,4546.0,7506.0,0.02111376423902822,2.1114,0.08716765123551506,8.72
commissariat road,9050.0,18748.0,0.03081191986399978,3.0812,0.12906183539443283,12.91
hsr layout,6339.0,9021.0,0.014810021010924324,1.481,0.06056914601222507,6.06
rayasandra main road,3400.0,7559.0,0.033850462042164464,3.385,0.14243343455195845,14.24
coles road,7200.0,12248.0,0.02238357020432047,2.2384,0.0925855359758665,9.26
hulimavu,5279.0,8623.0,0.02065612665839822,2.0656,0.08521999595514229,8.52
rk hegde nagar,5594.0,9064.0,0.020312545012822092,2.0313,0.08375947098144754,8.38
hosa road,4923.0,6835.0,0.013766327194469907,1.3766,0.056212850802964676,5.62
stage 2 rmv,8857.0,16570.0,0.026442977163618764,2.6443,0.11004174282800405,11.0
hesarghatta road,4654.0,9465.0,0.030019847689711332,3.002,0.1255955649332996,12.56
doddakallasandra,4500.0,8554.0,0.027124756852463072,2.7125,0.11299391177086493,11.3
sahakar nagar,6424.0,8519.0,0.011830178961764526,1.183,0.04816707692204081,4.82
holiday village road,4100.0,9602.0,0.036093804735624735,3.6094,0.15238157923087647,15.24
doddagubbi main road,1650.0,5431.0,0.05089218106135496,5.0892,0.2196427628422395,21.96
hoodi main road,7250.0,8250.0,0.005398340959322123,0.5398,0.021768846472874692,2.18
doddaballapur main road,4971.0,7912.0,0.019553699432034444,1.9554,0.08053893209225627,8.05
stage 3rd banashankari,6451.0,8435.0,0.011235758880334457,1.1236,0.04570617883532013,4.57
horamavu,4660.0,5664.0,0.008162924305703534,0.8163,0.03305367735356013,3.31
rt nagar,5488.0,6496.0,0.00705068621894589,0.7051,0.02850242242385348,2.85
devasthanagalu,4950.0,11846.0,0.03702749725506549,3.7027,0.15654114613729053,15.65
stage 2nd btm layout,5650.0,10947.0,0.027942000684274104,2.7942,0.11654040820146894,11.65
rr nagar,4755.0,7524.0,0.01930485879501731,1.9305,0.0794844174589151,7.95
horamavu main road,3540.0,5617.0,0.019422500624927785,1.9423,0.07998285326192911,8.0
devanahalli,5071.0,7923.0,0.018766921213814403,1.8767,0.07720743152760545,7.72
varthur road,5167.0,12256.0,0.03664389753292174,3.6644,0.15483086260663947,15.48
varthur road,5167.0,12256.0,0.03664389753292174,3.6644,0.15483086260663947,15.48
nri layout main road,3550.0,6695.0,0.026786364841094867,2.6786,0.11152790810041857,11.15
kudlu gate,6508.0,7854.0,0.00786370641427614,0.7864,0.03182780185213696,3.18
kudlu main road,3771.0,7643.0,0.02987291975319928,2.9873,0.12495345672148361,12.5
kudlu main road,3771.0,7643.0,0.02987291975319928,2.9873,0.12495345672148361,12.5
whitefield hoskote road,5450.0,8139.0,0.01685088924245126,1.6851,0.06912649181474828,6.91
nice ring road,3400.0,6695.0,0.028635051981394044,2.8635,0.11955459658127832,11.96
kumaraswamy layout,5216.0,7305.0,0.014133455259508265,1.4133,0.057743681173760386,5.77
kundalahalli,5620.0,10923.0,0.02807603134272796,2.8076,0.11712285319302862,11.71
bagalur colony,4300.0,8469.0,0.02864413262822807,2.8644,0.11959413019236376,11.96
new airport road,2700.0,8653.0,0.049723989907270116,4.9724,0.21422868911840132,21.42
attibele anekal road,3000.0,5134.0,0.022638821438661916,2.2639,0.09367705689854655,9.37
attibele,3234.0,5276.0,0.020603058494204518,2.0603,0.08499431312223571,8.5
magadi main road,8515.0,12253.0,0.015279789091598106,1.528,0.06253431221255412,6.25
whitefield,9689.0,12172.0,0.009551452166786989,0.9551,0.038756683946107096,3.88
kudlu,6260.0,7740.0,0.008881773550303063,0.8882,0.03600321841944121,3.6
outer ring road,7181.0,9606.0,0.012196665606394985,1.2197,0.04968649390433533,4.97
basapaura main road,2500.0,8230.0,0.050898630567361325,5.0899,0.2196727037472348,21.97
kogilu,5417.0,9572.0,0.024004410657169517,2.4004,0.09953057152669076,9.95
vittal mallya road,10150.0,19565.0,0.027721815502110392,2.7722,0.11558406368367224,11.56
konanakunte,5761.0,8458.0,0.01612875603974473,1.6129,0.06609269518854699,6.61
bannerghatta main road,5075.0,9326.0,0.02567744858839771,2.5677,0.10673393705651368,10.67
viviani road,7403.0,11593.0,0.018863889476955942,1.8864,0.0776176130746975,7.76
koramangala,10968.0,14687.0,0.012240172120410175,1.224,0.049866977188580686,4.99
bannerghatta anekal road,4700.0,5116.0,0.00354001673592208,0.354,0.014235434861648466,1.42
bangalore university road,6642.0,8611.0,0.01087652955389129,1.0877,0.044221072306730225,4.42
kothanur,5465.0,8624.0,0.01918950027606181,1.919,0.07899582335772415,7.9
banaswadi,5230.0,8046.0,0.01811053366945914,1.8111,0.07443395123430019,7.44
old madras road,4860.0,9034.0,0.02616805876939754,2.6168,0.10885298390617026,10.89
krishnarajapura,4747.0,8276.0,0.023430570394555428,2.3431,0.09706798549215412,9.71
banashankari,6239.0,9641.0,0.018298949448520396,1.8299,0.07522952895157209,7.52
mahadevapura,5795.0,10130.0,0.023543960892033144,2.3544,0.09755426277774881,9.76
yelachenahalli,4400.0,6924.0,0.01907078027115916,1.9071,0.07849316508314574,7.85
nagavara,6981.0,10261.0,0.016177720213023772,1.6178,0.06629819717964858,6.63
yelahanka road,5150.0,7015.0,0.012960518777065166,1.2961,0.052858661780702754,5.29
marathahalli sarjapur outer ring road,7291.0,12793.0,0.02370397012378933,2.3704,0.09824074037627417,9.82
ambalipura sarjapur road,4850.0,10838.0,0.034070880808210635,3.4071,0.14340802157144328,14.34
akshayanagar,4951.0,8895.0,0.02471291390469532,2.4713,0.10257676877474409,10.26
medahalli kadugodi road,4300.0,10481.0,0.03782053829344001,3.7821,0.16008295084965685,16.01
aga abbas ali road,9750.0,15882.0,0.020538024072217942,2.0538,0.08471778942094943,8.47
medahalli main road,4145.0,6131.0,0.016444372802466134,1.6444,0.06741785609457773,6.74
nagarabhavi main road,4100.0,7276.0,0.024187650178428166,2.4188,0.10031780072096108,10.03
millers road,6823.0,14423.0,0.03167999577972713,3.168,0.1328699021516162,13.29
avalahalli,5144.0,10487.0,0.03012421493701889,3.0124,0.12605184028382,12.61
yeswanthpur,7815.0,12329.0,0.019177794717239127,1.9178,0.07894625443462422,7.89
msr college road,5459.0,10733.0,0.028569561608796645,2.857,0.11926950792636726,11.93
1 st main raod narayanpura,5278.0,9015.0,0.022556580075022037,2.2557,0.09332528209393876,9.33
11th main road malleshwaram,5700.0,9593.0,0.02192725697978637,2.1927,0.09063625758812077,9.06
amrutahalli,5236.0,7721.0,0.016314401640516563,1.6314,0.06687200455342457,6.69
marathahalli main road,6400.0,10268.0,0.019892532407046692,1.9893,0.08197605021265275,8.2
malleshwaram,11645.0,13099.0,0.004914494544833392,0.4914,0.019803367086985713,1.98
arekere,5467.0,8517.0,0.018643923615848657,1.8644,0.07668731281778252,7.67
yelahanka,5138.0,8010.0,0.018673325335719193,1.8673,0.07681162644153461,7.68
anjanapura,4123.0,6375.0,0.018324327164801257,1.8324,0.07533671904542838,7.53
marathahalli,6311.0,11548.0,0.025495340586020543,2.5495,0.10594814835901034,10.59
manayata tech park,5906.0,10326.0,0.023552079404833615,2.3552,0.09758908537330657,9.76
yelahanka airforce base,5641.0,7650.0,0.012774416796527133,1.2774,0.05208514657247698,5.21
anekal,3580.0,6093.0,0.02240470558410368,2.2405,0.09267588533983218,9.27
yelahanka new town,5050.0,7262.0,0.015251257543676733,1.5251,0.06241487924012623,6.24
kengeri,4225.0,5898.0,0.013996802758605043,1.3997,0.057173680821924755,5.72
battarahalli,4150.0,8591.0,0.03078118868615798,3.0781,0.12892720036435246,12.89
kodichikkanahalli main road,4900.0,6794.0,0.01370999271833373,1.371,0.055978097540603455,5.6
kasavanahalli main road,5400.0,9670.0,0.024573289681215194,2.4573,0.10197595673641047,10.2
vijaynagar,5819.0,8517.0,0.015998956938251263,1.5999,0.06554807380651284,6.55
begur road,4943.0,8546.0,0.02307430726478099,2.3074,0.09554119569668207,9.55
kengeri satellite town,4270.0,5681.0,0.011967437128674208,1.1967,0.048735942219018114,4.87
begur,4547.0,8234.0,0.0250504631169306,2.505,0.10403027970831413,10.4
bengaluru kanakpura road,4800.0,9331.0,0.02808405372469336,2.8084,0.11715772256399926,11.72
bellary road,5648.0,9101.0,0.020077341979676255,2.0077,0.08276050105283561,8.28
kathriguppe main road,5150.0,10063.0,0.028304359067344187,2.8304,0.11811560119078979,11.81
bellandur,6346.0,12530.0,0.028751445545972754,2.8751,0.12006140827900169,12.01
panathur,5993.0,12860.0,0.03232519950705681,3.2325,0.1357065098208936,13.57
basavanagudi,9634.0,11055.0,0.005749142672041296,0.5749,0.023195647726828694,2.32
vijaynagar main road,6050.0,9854.0,0.020533775437361568,2.0534,0.0846997262388951,8.47
benson town,9554.0,12546.0,0.011416424543550407,1.1416,0.04645367548482571,4.65
padmanabhanagar,4942.0,6368.0,0.010619126121147238,1.0619,0.04315790213687465,4.32
panathur main road,6700.0,12908.0,0.027699171512246545,2.7699,0.11548574743123208,11.55
kasavanahalli,5117.0,8336.0,0.020542108261860204,2.0542,0.08473515367255158,8.47
vidyaranyapura,4203.0,6672.0,0.019441620184884156,1.9442,0.08006387708795049,8.01
hoodi,5512.0,9002.0,0.020648594032647516,2.0649,0.08518795983492855,8.52
hormavu agara,3200.0,5491.0,0.0227533116116565,2.2753,0.0941669123674409,9.42
hormavu agara,3200.0,5800.0,0.02508902535409785,2.5089,0.10419642286521125,10.42
jigani,4583.0,4685.0,0.0009175919869828242,0.0918,0.0036754228893258745,0.37
bannerughatta,5989.0,11318.0,0.026874353497353676,2.6874,0.11190895881371943,11.19
rachenahalli,3612.0,10587.0,0.04582587390363746,4.5826,0.19629290927938903,19.63
horamavu agara,4488.0,4919.0,0.003828062117459341,0.3828,0.01540039742863053,1.54
