,location,quarter,year,min_price,max_price,avg_price,latitude,longitude,Risk
0,100 Feet Ring Road,Jan-Mar,2024,6658.540375,12574.3369,9770.560714,12.9557,77.6013,Moderate
1,100 Feet Ring Road,Apr-Jun,2024,6740.005214,12728.17938,9890.1,12.9557,77.6013,Moderate
2,100 Feet Ring Road,Jul-Sep,2024,6756.91889,12760.12005,9914.918667,12.9557,77.6013,Moderate
3,100 Feet Ring Road,Oct-Dec,2024,6678.596142,12612.21126,9799.99,12.9557,77.6013,Moderate
28,11th Main Road Malleshwaram,Jan-Mar,2024,6293.284708,10599.70114,8591.45,13.00387758,77.57542389,Moderate
29,11th Main Road Malleshwaram,Apr-Jun,2024,6410.214567,10796.64465,8751.08,13.00387758,77.57542389,Moderate
30,11th Main Road Malleshwaram,Jul-Sep,2024,5948.565648,10019.09512,8120.847333,13.00387758,77.57542389,Moderate
31,11th Main Road Malleshwaram,Oct-Dec,2024,6528.241719,10995.43632,8912.208,13.00387758,77.57542389,Moderate
56,Aga Abbas Ali Road,Jan-Mar,2024,9788.173276,16359.68914,13112.83,12.977376,77.6176664,Low
57,Aga Abbas Ali Road,Apr-Jun,2024,9864.550831,16487.34453,13215.15,12.977376,77.6176664,Low
58,Aga Abbas Ali Road,Jul-Sep,2024,10099.87163,16880.65337,13530.4,12.977376,77.6176664,Low
59,Aga Abbas Ali Road,Oct-Dec,2024,9540.580713,15945.8696,12781.14,12.977376,77.6176664,Low
84,Akshayanagar,Jan-Mar,2024,4634.435871,7447.372627,6041.01,12.8694,77.6164,Moderate
85,Akshayanagar,Apr-Jun,2024,4536.162365,7289.450618,5912.91,12.8694,77.6164,Moderate
86,Akshayanagar,Jul-Sep,2024,4731.469131,7603.301605,6167.493333,12.8694,77.6164,Moderate
87,Akshayanagar,Oct-Dec,2024,7376.588908,11853.91445,9615.42,12.8694,77.6164,Moderate
112,Amrutahalli,Jan-Mar,2024,5620.449242,9047.837287,7334.12,13.0662319,77.6007646,Moderate
113,Amrutahalli,Apr-Jun,2024,5481.281409,8823.803968,7152.52,13.0662319,77.6007646,Moderate
114,Amrutahalli,Jul-Sep,2024,5706.800736,9186.846508,7446.8,13.0662319,77.6007646,Moderate
115,Amrutahalli,Oct-Dec,2024,5643.178966,9084.427751,7363.78,13.0662319,77.6007646,Moderate
140,Amruthahalli Main Road,Jan-Mar,2024,5708.100523,9149.639477,7428.87,13.06453992,77.60585116,Moderate
141,Amruthahalli Main Road,Apr-Jun,2024,5624.70194,9015.95806,7320.33,13.06453992,77.60585116,Moderate
142,Amruthahalli Main Road,Jul-Sep,2024,5840.298111,9361.541889,7600.92,13.06453992,77.60585116,Moderate
143,Amruthahalli Main Road,Oct-Dec,2024,5352.684561,8579.935439,6966.31,13.06453992,77.60585116,Moderate
168,Anekal Main Road,Jan-Mar,2024,3189.601985,5387.815829,4288.91,12.79737939,77.70639222,Moderate
169,Anekal Main Road,Apr-Jun,2024,3155.377559,5330.00457,4242.89,12.79737939,77.70639222,Moderate
170,Anekal Main Road,Jul-Sep,2024,3474.676631,5869.358571,4672.236667,12.79737939,77.70639222,Moderate
171,Anekal Main Road,Oct-Dec,2024,3696.11903,6243.414916,4970.0,12.79737939,77.70639222,Moderate
196,AnjanaPura,Jan-Mar,2024,3870.313377,5868.907438,4869.54,12.8580811,77.5580713,Moderate
197,AnjanaPura,Apr-Jun,2024,3826.980848,5803.198391,4815.02,12.8580811,77.5580713,Moderate
198,AnjanaPura,Jul-Sep,2024,4010.745638,6081.85762,5046.228667,12.8580811,77.5580713,Moderate
199,AnjanaPura,Oct-Dec,2024,4560.462594,6915.443332,5737.87,12.8580811,77.5580713,Moderate
224,Arekere,Jan-Mar,2024,4772.596449,7895.342303,6333.93,12.8872086,77.5960493,Moderate
225,Arekere,Apr-Jun,2024,4876.420783,8067.099682,6471.72,12.8872086,77.5960493,Moderate
226,Arekere,Jul-Sep,2024,4547.313442,7522.654926,6034.946667,12.8872086,77.5960493,Moderate
227,Arekere,Oct-Dec,2024,4279.779354,7080.071266,5679.89,12.8872086,77.5960493,Moderate
252,Attibele,Jan-Mar,2024,3624.224625,5808.755375,4716.49,12.77512485,77.77092155,Moderate
253,Attibele,Apr-Jun,2024,3436.577529,5508.002471,4472.29,12.77512485,77.77092155,Moderate
254,Attibele,Jul-Sep,2024,3398.364219,5446.755781,4422.56,12.77512485,77.77092155,Moderate
255,Attibele,Oct-Dec,2024,3380.029823,5417.370177,4398.7,12.77512485,77.77092155,Moderate
280,Avalahalli,Jan-Mar,2024,3593.934689,5288.636333,4441.15,13.0329471,77.73516828,Moderate
281,Avalahalli,Apr-Jun,2024,3492.836941,5139.866457,4316.22,13.0329471,77.73516828,Moderate
282,Avalahalli,Jul-Sep,2024,3627.752626,5338.400947,4482.94,13.0329471,77.73516828,Moderate
283,Avalahalli,Oct-Dec,2024,4088.094133,6015.814154,5051.8,13.0329471,77.73516828,Moderate
308,BTM Layout,Jan-Mar,2024,5379.809764,9426.917166,7403.341333,12.9151772,77.6102821,Moderate
309,BTM Layout,Apr-Jun,2024,5696.988084,9982.701456,7839.821333,12.9151772,77.6102821,Moderate
310,BTM Layout,Jul-Sep,2024,5723.396842,10028.97692,7876.163333,12.9151772,77.6102821,Moderate
311,BTM Layout,Oct-Dec,2024,5845.475518,10242.89258,8044.16,12.9151772,77.6102821,Moderate
336,Banashankari,Jan-Mar,2024,6307.005443,10876.17441,8591.64,12.93622,77.54246,Moderate
337,Banashankari,Apr-Jun,2024,7004.952699,12079.75607,9542.41,12.93622,77.54246,Moderate
338,Banashankari,Jul-Sep,2024,6783.192561,11697.33973,9240.32,12.93622,77.54246,Moderate
339,Banashankari,Oct-Dec,2024,6709.938086,11571.01537,9140.53,12.93622,77.54246,Moderate
364,Banaswadi,Jan-Mar,2024,6828.41114,11038.32332,8933.53,13.0141618,77.6518539,Moderate
365,Banaswadi,Apr-Jun,2024,7826.012402,12650.9745,10238.68,13.0141618,77.6518539,Moderate
366,Banaswadi,Jul-Sep,2024,5988.160525,9680.033992,7834.24,13.0141618,77.6518539,Moderate
367,Banaswadi,Oct-Dec,2024,6537.473725,10568.0146,8552.9,13.0141618,77.6518539,Moderate
392,Bangalore University Road,Jan-Mar,2024,6664.806875,10137.56675,8346.44,12.94702838,77.50255496,Low
393,Bangalore University Road,Apr-Jun,2024,7100.67153,10800.54276,8892.28,12.94702838,77.50255496,Low
394,Bangalore University Road,Jul-Sep,2024,6648.540073,10112.82398,8326.068833,12.94702838,77.50255496,Low
395,Bangalore University Road,Oct-Dec,2024,6734.046623,10242.88452,8433.15,12.94702838,77.50255496,Low
420,Bannerghatta Main Road,Jan-Mar,2024,5069.738192,8904.497662,6987.21,12.71771464,77.68741214,Moderate
421,Bannerghatta Main Road,Apr-Jun,2024,5232.208731,9189.861221,7211.13,12.71771464,77.68741214,Moderate
422,Bannerghatta Main Road,Jul-Sep,2024,5130.806131,9011.757505,7071.375,12.71771464,77.68741214,Moderate
423,Bannerghatta Main Road,Oct-Dec,2024,5664.476721,9949.09753,7806.89,12.71771464,77.68741214,Moderate
448,Bannerughatta,Jan-Mar,2024,6002.498493,9807.558153,7905.07,12.79811335,77.58437436,Moderate
449,Bannerughatta,Apr-Jun,2024,6289.287054,10276.14561,8282.76,12.79811335,77.58437436,Moderate
450,Bannerughatta,Jul-Sep,2024,6305.259406,10302.24304,8303.795,12.79811335,77.58437436,Moderate
451,Bannerughatta,Oct-Dec,2024,6372.432882,10411.99863,8392.26,12.79811335,77.58437436,Moderate
476,Basavanagudi,Jan-Mar,2024,8216.782883,13816.43407,11016.65,12.9417261,77.5755021,Moderate
477,Basavanagudi,Apr-Jun,2024,8363.514212,14063.16126,11213.38,12.9417261,77.5755021,Moderate
478,Basavanagudi,Jul-Sep,2024,8809.309543,14812.76143,11811.08,12.9417261,77.5755021,Moderate
479,Basavanagudi,Oct-Dec,2024,7855.350795,13208.68982,10532.06,12.9417261,77.5755021,Moderate
504,Begur Koppa Road,Jan-Mar,2024,4468.439787,7256.535054,5862.54,12.8645869,77.6176559,Moderate
505,Begur Koppa Road,Apr-Jun,2024,4568.295873,7418.696618,5993.55,12.8645869,77.6176559,Moderate
506,Begur Koppa Road,Jul-Sep,2024,4901.904071,7960.460568,6431.24,12.8645869,77.6176559,Moderate
507,Begur Koppa Road,Oct-Dec,2024,4930.943968,8007.619988,6469.34,12.8645869,77.6176559,Moderate
532,Begur Road,Jan-Mar,2024,4259.813183,7165.486027,5712.61,12.90438169,77.62740658,Moderate
533,Begur Road,Apr-Jun,2024,4278.828176,7197.471388,5738.11,12.90438169,77.62740658,Moderate
534,Begur Road,Jul-Sep,2024,4673.161836,7860.785061,6266.93,12.90438169,77.62740658,Moderate
535,Begur Road,Oct-Dec,2024,5245.311774,8823.205761,7034.21,12.90438169,77.62740658,Moderate
560,Belathur Main Road,Jan-Mar,2024,4700.537666,7597.862334,6149.2,13.0064138,77.7502347,High
561,Belathur Main Road,Apr-Jun,2024,4770.718562,7711.301438,6241.01,13.0064138,77.7502347,High
562,Belathur Main Road,Jul-Sep,2024,5379.031979,8694.568021,7036.8,13.0064138,77.7502347,High
563,Belathur Main Road,Oct-Dec,2024,5683.169578,9186.170422,7434.67,13.0064138,77.7502347,High
588,Bellandur,Jan-Mar,2024,6179.957437,10461.5442,8320.73,12.9361208,77.6671843,Moderate
589,Bellandur,Apr-Jun,2024,6145.614148,10403.40726,8274.49,12.9361208,77.6671843,Moderate
590,Bellandur,Jul-Sep,2024,7246.641859,12267.24696,9756.92,12.9361208,77.6671843,Moderate
591,Bellandur,Oct-Dec,2024,7281.950681,12327.01838,9804.46,12.9361208,77.6671843,Moderate
616,Bellary Road,Jan-Mar,2024,5484.865682,9516.004019,7500.48,12.9969763,77.5846071,High
617,Bellary Road,Apr-Jun,2024,5523.878863,9583.690196,7553.83,12.9969763,77.5846071,High
618,Bellary Road,Jul-Sep,2024,5782.929554,10033.13191,7908.078333,12.9969763,77.5846071,High
619,Bellary Road,Oct-Dec,2024,6339.718702,10999.13693,8669.48,12.9969763,77.5846071,High
644,Benson Town,Jan-Mar,2024,7871.191308,12899.48857,10385.4,12.997803,77.6041749,Moderate
645,Benson Town,Apr-Jun,2024,7652.344996,12540.83823,10096.65,12.997803,77.6041749,Moderate
646,Benson Town,Jul-Sep,2024,8524.367653,13969.92893,11247.21333,12.997803,77.6041749,Moderate
647,Benson Town,Oct-Dec,2024,8406.186855,13776.25153,11091.28333,12.997803,77.6041749,Moderate
672,Binny Pete,Jan-Mar,2024,8958.001876,11990.8414,10528.39,12.9706,77.602,Moderate
673,Binny Pete,Apr-Jun,2024,9151.747226,12250.18158,10756.1,12.9706,77.602,Moderate
674,Binny Pete,Jul-Sep,2024,9235.023438,12361.65195,10853.975,12.9706,77.602,Moderate
675,Binny Pete,Oct-Dec,2024,8013.223506,10726.19692,9417.986667,12.9706,77.602,Moderate
700,Block 1st Koramangala,Jan-Mar,2024,9716.211966,15146.63837,12431.46,12.9277245,77.6327822,Low
701,Block 1st Koramangala,Apr-Jun,2024,9566.24191,14912.84951,12239.58,12.9277245,77.6327822,Low
702,Block 1st Koramangala,Jul-Sep,2024,9943.023309,15500.21541,12721.655,12.9277245,77.6327822,Low
703,Block 1st Koramangala,Oct-Dec,2024,10112.53605,15764.46944,12938.539,12.9277245,77.6327822,Low
728,Bommanahalli,Jan-Mar,2024,3867.143275,6457.635998,5162.37,12.89878273,77.61864858,Moderate
729,Bommanahalli,Apr-Jun,2024,3935.326567,6571.493399,5253.39,12.89878273,77.61864858,Moderate
730,Bommanahalli,Jul-Sep,2024,4077.438765,6808.802644,5443.1,12.89878273,77.61864858,Moderate
731,Bommanahalli,Oct-Dec,2024,4503.655505,7520.530233,6012.07,12.89878273,77.61864858,Moderate
756,Bommasandra Jigani Link Road,Jan-Mar,2024,3745.789735,6216.750265,4981.27,12.79541211,77.65878294,High
757,Bommasandra Jigani Link Road,Apr-Jun,2024,3880.641384,6440.558616,5160.6,12.79541211,77.65878294,High
758,Bommasandra Jigani Link Road,Jul-Sep,2024,3876.603279,6433.856721,5155.23,12.79541211,77.65878294,High
759,Bommasandra Jigani Link Road,Oct-Dec,2024,3815.242131,6332.017869,5073.63,12.79541211,77.65878294,High
784,Borewell Road,Jan-Mar,2024,6446.363655,11061.71116,8754.1,12.9691992,77.7378529,Moderate
785,Borewell Road,Apr-Jun,2024,6738.412846,11562.85629,9150.7,12.9691992,77.7378529,Moderate
786,Borewell Road,Jul-Sep,2024,7125.020879,12226.26075,9675.71,12.9691992,77.7378529,Moderate
787,Borewell Road,Oct-Dec,2024,6277.489119,10771.92897,8524.77,12.9691992,77.7378529,Moderate
812,Brookefield,Jan-Mar,2024,6187.014559,10681.26359,8434.28,12.9643,77.732,Moderate
813,Brookefield,Apr-Jun,2024,6576.701378,11354.01902,8965.51,12.9643,77.732,Moderate
814,Brookefield,Jul-Sep,2024,6791.02436,11724.02627,9257.68,12.9643,77.732,Moderate
815,Brookefield,Oct-Dec,2024,6304.229431,10883.62338,8594.07,12.9643,77.732,Moderate
840,Budigere,Jan-Mar,2024,5840.015981,8166.31508,7003.1,13.1351506,77.7471989,High
841,Budigere,Apr-Jun,2024,6059.61179,8473.3842,7266.43,13.1351506,77.7471989,High
842,Budigere,Jul-Sep,2024,6393.464466,8940.223016,7666.772,13.1351506,77.7471989,High
843,Budigere,Oct-Dec,2024,6907.131694,9658.503316,8282.74,13.1351506,77.7471989,High
868,Byatarayanapura,Jan-Mar,2024,6646.536608,12213.9138,9536.68,13.0666526,77.591967,Moderate
869,Byatarayanapura,Apr-Jun,2024,6832.641696,12555.90717,9803.71,13.0666526,77.591967,Moderate
870,Byatarayanapura,Jul-Sep,2024,6886.009872,12653.97845,9880.2845,13.0666526,77.591967,Moderate
871,Byatarayanapura,Oct-Dec,2024,6478.01543,11904.23324,9294.88,13.0666526,77.591967,Moderate
896,CV Raman Nagar,Jan-Mar,2024,4357.068301,7752.208132,6054.58,12.9866,77.6559,Moderate
897,CV Raman Nagar,Apr-Jun,2024,4511.875494,8027.645076,6269.7,12.9866,77.6559,Moderate
898,CV Raman Nagar,Jul-Sep,2024,4815.970303,8568.698392,6692.27,12.9866,77.6559,Moderate
899,CV Raman Nagar,Oct-Dec,2024,5242.884672,9328.275432,7285.51,12.9866,77.6559,Moderate
924,Cambridge Road,Jan-Mar,2024,9025.700619,14664.19788,11844.25,12.9725,77.6172,Low
925,Cambridge Road,Apr-Jun,2024,8898.083076,14456.85565,11676.78,12.9725,77.6172,Low
926,Cambridge Road,Jul-Sep,2024,9368.637998,15221.37364,12294.28,12.9725,77.6172,Low
927,Cambridge Road,Oct-Dec,2024,6425.174081,10439.08148,8431.63,12.9725,77.6172,Low
952,Carmelaram,Jan-Mar,2024,7440.74818,11379.09573,9492.89,12.9111998,77.7065133,Moderate
953,Carmelaram,Apr-Jun,2024,7270.321484,11118.46311,9275.46,12.9111998,77.7065133,Moderate
954,Carmelaram,Jul-Sep,2024,7109.543653,10872.58645,9070.34,12.9111998,77.7065133,Moderate
955,Carmelaram,Oct-Dec,2024,6837.956725,10457.25003,8723.85,12.9111998,77.7065133,Moderate
980,Chandapura,Jan-Mar,2024,3562.473519,5389.664978,4850.97,12.8009043,77.71149079,High
981,Chandapura,Apr-Jun,2024,3462.112636,5237.829033,4714.31,12.8009043,77.71149079,High
982,Chandapura,Jul-Sep,2024,3851.5698,5827.038644,5244.628333,12.8009043,77.71149079,High
983,Chandapura,Oct-Dec,2024,4128.661355,6246.250364,5621.94,12.8009043,77.71149079,High
1008,Chandapura Anekal Road,Jan-Mar,2024,3294.936506,5682.835422,4681.0825,12.79737939,77.70639222,High
1009,Chandapura Anekal Road,Apr-Jun,2024,3274.467575,5647.532294,4652.0025,12.79737939,77.70639222,High
1010,Chandapura Anekal Road,Jul-Sep,2024,3498.136396,6033.297876,4969.7665,12.79737939,77.70639222,High
1011,Chandapura Anekal Road,Oct-Dec,2024,3996.861402,6893.457737,5678.3,12.79737939,77.70639222,High
1036,Channasandra,Jan-Mar,2024,7059.129356,11561.65082,8924.78,12.9873426,77.7538033,High
1037,Channasandra,Apr-Jun,2024,6895.092502,11292.98641,8717.39,12.9873426,77.7538033,High
1038,Channasandra,Jul-Sep,2024,7090.780214,11613.48953,8964.795833,12.9873426,77.7538033,High
1039,Channasandra,Oct-Dec,2024,6901.981749,11304.26982,8726.1,12.9873426,77.7538033,High
1064,Chokkanahalli,Jan-Mar,2024,6831.056935,10539.18586,8975.83,13.1706044,77.62033957,High
1065,Chokkanahalli,Apr-Jun,2024,6917.230646,10672.13758,9089.06,13.1706044,77.62033957,High
1066,Chokkanahalli,Jul-Sep,2024,7062.274124,10895.91557,9279.643333,13.1706044,77.62033957,High
1067,Chokkanahalli,Oct-Dec,2024,7248.439679,11183.13809,9524.26,13.1706044,77.62033957,High
1092,Chunchgatta Main Road,Jan-Mar,2024,6131.713574,10857.13749,8449.15,12.9057,77.5495,Moderate
1093,Chunchgatta Main Road,Apr-Jun,2024,6129.10824,10852.52435,8445.56,12.9057,77.5495,Moderate
1094,Chunchgatta Main Road,Jul-Sep,2024,6097.32898,10796.2543,8401.77,12.9057,77.5495,Moderate
1095,Chunchgatta Main Road,Oct-Dec,2024,6741.796994,11937.38357,9289.81,12.9057,77.5495,Moderate
1120,Church Street,Jan-Mar,2024,14818.85043,22291.85404,19039.65,12.9716,77.6095,Moderate
1121,Church Street,Apr-Jun,2024,14961.82695,22506.93223,19223.35,12.9716,77.6095,Moderate
1122,Church Street,Jul-Sep,2024,14839.0088,22322.17807,19065.55,12.9716,77.6095,Moderate
1123,Church Street,Oct-Dec,2024,10448.59459,15717.72025,13424.63,12.9716,77.6095,Moderate
1148,Coles Road,Jan-Mar,2024,8508.254747,15112.29187,11726.96,12.99672182,77.61219017,Moderate
1149,Coles Road,Apr-Jun,2024,8264.926683,14680.09457,11391.58,12.99672182,77.61219017,Moderate
1150,Coles Road,Jul-Sep,2024,9330.11757,16572.07783,12859.73667,12.99672182,77.61219017,Moderate
1151,Coles Road,Oct-Dec,2024,9450.898875,16786.60859,13026.21,12.99672182,77.61219017,Moderate
1176,Commissariat Road,Jan-Mar,2024,13129.23239,22160.63551,17064.42,12.97101544,77.61054084,Moderate
1177,Commissariat Road,Apr-Jun,2024,13079.39885,22076.52223,16999.65,12.97101544,77.61054084,Moderate
1178,Commissariat Road,Jul-Sep,2024,13274.46799,22405.77653,17253.18667,12.97101544,77.61054084,Moderate
1179,Commissariat Road,Oct-Dec,2024,12660.04161,21368.6954,16454.6,12.97101544,77.61054084,Moderate
1204,Cooke Town,Jan-Mar,2024,8269.590509,13849.01989,11059.22,13.0018862,77.6238136,Moderate
1205,Cooke Town,Apr-Jun,2024,7795.064988,13054.33563,10424.62,13.0018862,77.6238136,Moderate
1206,Cooke Town,Jul-Sep,2024,7783.519646,13035.00073,10409.18,13.0018862,77.6238136,Moderate
1207,Cooke Town,Oct-Dec,2024,8121.774239,13601.47311,10861.54,13.0018862,77.6238136,Moderate
1232,Cunningham Road,Jan-Mar,2024,14006.92622,23108.70452,18557.84,12.9910375,77.5858824,Moderate
1233,Cunningham Road,Apr-Jun,2024,14188.11664,23407.63347,18797.9,12.9910375,77.5858824,Moderate
1234,Cunningham Road,Jul-Sep,2024,13921.45151,22967.68787,18444.59417,12.9910375,77.5858824,Moderate
1235,Cunningham Road,Oct-Dec,2024,11631.61545,19189.90365,15410.78,12.9910375,77.5858824,Moderate
1260,Devanahalli,Jan-Mar,2024,4591.491737,6807.92845,5699.69,13.2483502,77.7134377,High
1261,Devanahalli,Apr-Jun,2024,4884.783181,7242.799573,6063.77,13.2483502,77.7134377,High
1262,Devanahalli,Jul-Sep,2024,4847.200717,7187.075041,6017.116667,13.2483502,77.7134377,High
1263,Devanahalli,Oct-Dec,2024,5506.649978,8164.858219,6835.73,13.2483502,77.7134377,High
1288,Doddaballapur Main Road,Jan-Mar,2024,4729.12166,7419.451673,6074.286667,13.2461,77.5204,Low
1289,Doddaballapur Main Road,Apr-Jun,2024,5011.586536,7862.606798,6437.096667,13.2461,77.5204,Low
1290,Doddaballapur Main Road,Jul-Sep,2024,5230.008211,8205.285456,6717.646833,13.2461,77.5204,Low
1291,Doddaballapur Main Road,Oct-Dec,2024,6286.734711,9863.168623,8074.951667,13.2461,77.5204,Low
1316,Doddakannelli,Jan-Mar,2024,5964.554842,9183.657834,7574.04,12.92242876,77.68568432,Moderate
1317,Doddakannelli,Apr-Jun,2024,5925.904352,9124.147463,7524.96,12.92242876,77.68568432,Moderate
1318,Doddakannelli,Jul-Sep,2024,6310.44837,9716.231999,8013.27,12.92242876,77.68568432,Moderate
1319,Doddakannelli,Oct-Dec,2024,5422.802242,8349.518382,6886.1,12.92242876,77.68568432,Moderate
1344,Doddakannelli Chikkanayakana Halli Road,Jan-Mar,2024,6262.79559,10695.55299,8831.72,12.8651,77.7129,Moderate
1345,Doddakannelli Chikkanayakana Halli Road,Apr-Jun,2024,6347.167311,10839.64235,8950.7,12.8651,77.7129,Moderate
1346,Doddakannelli Chikkanayakana Halli Road,Jul-Sep,2024,6482.824743,11071.31704,9142.0025,12.8651,77.7129,Moderate
1347,Doddakannelli Chikkanayakana Halli Road,Oct-Dec,2024,6180.714343,10555.37528,8715.97,12.8651,77.7129,Moderate
1372,Dr Rajkumar Road,Jan-Mar,2024,8966.199629,13481.13883,11298.11,12.99655966,77.55410167,Moderate
1373,Dr Rajkumar Road,Apr-Jun,2024,8975.437153,13495.02791,11309.75,12.99655966,77.55410167,Moderate
1374,Dr Rajkumar Road,Jul-Sep,2024,9121.451935,13714.56859,11493.74,12.99655966,77.55410167,Moderate
1375,Dr Rajkumar Road,Oct-Dec,2024,9026.35464,13571.58496,11373.91,12.99655966,77.55410167,Moderate
1400,ECC Road,Jan-Mar,2024,7255.512348,11751.4913,9503.633333,12.9810195,77.743212,Moderate
1401,ECC Road,Apr-Jun,2024,7454.756526,12074.1999,9764.613333,12.9810195,77.743212,Moderate
1402,ECC Road,Jul-Sep,2024,7495.463475,12140.13147,9817.933333,12.9810195,77.743212,Moderate
1403,ECC Road,Oct-Dec,2024,8101.492125,13121.69419,10611.74,12.9810195,77.743212,Moderate
1428,Electronic City,Jan-Mar,2024,4919.211079,8552.722296,6735.94,12.8436448,77.6686835,High
1429,Electronic City,Apr-Jun,2024,4950.226631,8606.647081,6778.41,12.8436448,77.6686835,High
1430,Electronic City,Jul-Sep,2024,4134.379599,7188.185261,5661.26,12.8436448,77.6686835,High
1431,Electronic City,Oct-Dec,2024,5090.997945,8851.397294,6971.17,12.8436448,77.6686835,High
1456,GKVK Road,Jan-Mar,2024,4569.41141,8179.522057,6001.24,13.0667689,77.581052,Moderate
1457,GKVK Road,Apr-Jun,2024,4577.505211,8194.010449,6011.87,13.0667689,77.581052,Moderate
1458,GKVK Road,Jul-Sep,2024,4506.298035,8066.545308,5918.35,13.0667689,77.581052,Moderate
1459,GKVK Road,Oct-Dec,2024,5209.022207,9324.463965,6841.273333,13.0667689,77.581052,Moderate
1484,Gear School Road,Jan-Mar,2024,5584.365749,8481.017138,7032.96,12.91893443,77.69704792,Low
1485,Gear School Road,Apr-Jun,2024,5757.630555,8744.155667,7251.17,12.91893443,77.69704792,Low
1486,Gear School Road,Jul-Sep,2024,5987.461902,9093.202215,7540.62,12.91893443,77.69704792,Low
1487,Gear School Road,Oct-Dec,2024,5839.923596,8869.134711,7354.81,12.91893443,77.69704792,Low
1512,Gottigere,Jan-Mar,2024,4144.939639,7030.100974,5587.58,12.8565317,77.5877237,Moderate
1513,Gottigere,Apr-Jun,2024,4197.934761,7119.984325,5659.02,12.8565317,77.5877237,Moderate
1514,Gottigere,Jul-Sep,2024,4136.565188,7015.897333,5576.290833,12.8565317,77.5877237,Moderate
1515,Gottigere,Oct-Dec,2024,4920.972502,8346.305759,6633.71,12.8565317,77.5877237,Moderate
1540,Gubbalala,Jan-Mar,2024,4392.561842,6437.679265,5415.08,12.8856635,77.5416809,Moderate
1541,Gubbalala,Apr-Jun,2024,4565.544293,6691.200008,5628.33,12.8856635,77.5416809,Moderate
1542,Gubbalala,Jul-Sep,2024,4775.718986,6999.229196,5887.43,12.8856635,77.5416809,Moderate
1543,Gubbalala,Oct-Dec,2024,5116.3626,7498.471872,6307.37,12.8856635,77.5416809,Moderate
1568,Gubbalala Main Road,Jan-Mar,2024,4515.10175,6936.57825,5725.84,12.8886669,77.5411424,High
1569,Gubbalala Main Road,Apr-Jun,2024,4726.093635,7260.726365,5993.41,12.8886669,77.5411424,High
1570,Gubbalala Main Road,Jul-Sep,2024,4816.50859,7399.63141,6108.07,12.8886669,77.5411424,High
1571,Gubbalala Main Road,Oct-Dec,2024,5176.646512,7952.913488,6564.78,12.8886669,77.5411424,High
1596,Gunjur,Jan-Mar,2024,5495.472068,8244.387932,6869.93,12.92151888,77.73478007,Moderate
1597,Gunjur,Apr-Jun,2024,5858.248913,8788.631087,7323.44,12.92151888,77.73478007,Moderate
1598,Gunjur,Jul-Sep,2024,5387.537337,8082.462663,6735.0,12.92151888,77.73478007,Moderate
1599,Gunjur,Oct-Dec,2024,5511.662677,8268.677323,6890.17,12.92151888,77.73478007,Moderate
1624,HAL Old Airport Road,Jan-Mar,2024,6499.9393,11520.9159,8670.95,12.95929599,77.65709999,Moderate
1625,HAL Old Airport Road,Apr-Jun,2024,6771.550024,12002.33645,9033.28,12.95929599,77.65709999,Moderate
1626,HAL Old Airport Road,Jul-Sep,2024,7307.832216,12952.87794,9748.683,12.95929599,77.65709999,Moderate
1627,HAL Old Airport Road,Oct-Dec,2024,7026.421677,12454.08757,9373.28,12.95929599,77.65709999,Moderate
1652,HSR Layout,Jan-Mar,2024,7975.768327,13623.94207,10800.05,12.9116225,77.6388622,Moderate
1653,HSR Layout,Apr-Jun,2024,8291.769759,14163.7252,11227.95,12.9116225,77.6388622,Moderate
1654,HSR Layout,Jul-Sep,2024,7802.656554,13328.2383,10565.638,12.9116225,77.6388622,Moderate
1655,HSR Layout,Oct-Dec,2024,6339.133474,10828.29687,8583.87,12.9116225,77.6388622,Moderate
1680,Hadosiddapura,Jan-Mar,2024,7771.295632,12859.07946,10315.12,12.8933812,77.70025233,Moderate
1681,Hadosiddapura,Apr-Jun,2024,7982.410235,13208.40853,10595.34,12.8933812,77.70025233,Moderate
1682,Hadosiddapura,Jul-Sep,2024,8277.16606,13696.13783,10986.58,12.8933812,77.70025233,Moderate
1683,Hadosiddapura,Oct-Dec,2024,8574.174517,14187.59453,11380.81,12.8933812,77.70025233,Moderate
1708,Hagadur Main Road,Jan-Mar,2024,6607.214102,10871.09697,8738.99,12.958,77.7624,Moderate
1709,Hagadur Main Road,Apr-Jun,2024,6925.848671,11395.35837,9160.43,12.958,77.7624,Moderate
1710,Hagadur Main Road,Jul-Sep,2024,7350.29405,12093.71426,9721.82,12.958,77.7624,Moderate
1711,Hagadur Main Road,Oct-Dec,2024,8105.954862,13337.03131,10721.29,12.958,77.7624,Moderate
1736,Halasuru,Jan-Mar,2024,9975.919542,16102.7017,13039.34,12.9778793,77.6246697,Moderate
1737,Halasuru,Apr-Jun,2024,10244.23487,16535.80479,13390.05,12.9778793,77.6246697,Moderate
1738,Halasuru,Jul-Sep,2024,10127.2414,16346.95895,13237.13,12.9778793,77.6246697,Moderate
1739,Halasuru,Oct-Dec,2024,9964.497148,16084.26416,13024.41,12.9778793,77.6246697,Moderate
1764,Haralur Main Road,Jan-Mar,2024,6995.342586,11277.91104,9136.65,12.858,77.6701,Moderate
1765,Haralur Main Road,Apr-Jun,2024,7553.092655,12177.11727,9865.13,12.858,77.6701,Moderate
1766,Haralur Main Road,Jul-Sep,2024,7578.647012,12218.31608,9898.506667,12.858,77.6701,Moderate
1767,Haralur Main Road,Oct-Dec,2024,8075.455056,13019.27141,10547.39,12.858,77.6701,Moderate
1792,Hebbal,Jan-Mar,2024,7957.062918,12635.48087,10296.25,13.0382184,77.5919,Moderate
1793,Hebbal,Apr-Jun,2024,8335.11083,13235.80504,10785.435,13.0382184,77.5919,Moderate
1794,Hebbal,Jul-Sep,2024,8152.78522,12946.27964,10549.51,13.0382184,77.5919,Moderate
1795,Hebbal,Oct-Dec,2024,8345.336933,13252.04366,10798.66733,13.0382184,77.5919,Moderate
1820,Hebbal Kempapura,Jan-Mar,2024,7014.491127,11347.38294,9180.98,13.0514799,77.59335587,High
1821,Hebbal Kempapura,Apr-Jun,2024,7210.906474,11665.12518,9438.06,13.0514799,77.59335587,High
1822,Hebbal Kempapura,Jul-Sep,2024,7045.055916,11396.82777,9220.985,13.0514799,77.59335587,High
1823,Hebbal Kempapura,Oct-Dec,2024,7182.37781,11618.9742,9400.72,13.0514799,77.59335587,High
1848,Hennur Gardens,Jan-Mar,2024,5535.764983,9059.059242,7297.39,13.0376905,77.6432902,Moderate
1849,Hennur Gardens,Apr-Jun,2024,5510.71617,9018.067855,7264.37,13.0376905,77.6432902,Moderate
1850,Hennur Gardens,Jul-Sep,2024,5821.06505,9525.941455,7673.48,13.0376905,77.6432902,Moderate
1851,Hennur Gardens,Oct-Dec,2024,6030.164229,9868.123946,7949.12,13.0376905,77.6432902,Moderate
1876,Hennur Main Road,Jan-Mar,2024,5705.137049,9413.697727,7559.44,13.0233661,77.63115076,Moderate
1877,Hennur Main Road,Apr-Jun,2024,5645.900359,9315.954887,7480.95,13.0233661,77.63115076,Moderate
1878,Hennur Main Road,Jul-Sep,2024,5847.182341,9648.077976,7747.653333,13.0233661,77.63115076,Moderate
1879,Hennur Main Road,Oct-Dec,2024,6011.380701,9919.011648,7965.22,13.0233661,77.63115076,Moderate
1904,Hoodi,Jan-Mar,2024,5162.850963,8712.229037,6937.54,12.9959233,77.7192796,High
1905,Hoodi,Apr-Jun,2024,5111.3381,8625.3019,6868.32,12.9959233,77.7192796,High
1906,Hoodi,Jul-Sep,2024,5383.686996,9084.886338,7234.286667,12.9959233,77.7192796,High
1907,Hoodi,Oct-Dec,2024,5540.185284,9348.974716,7444.58,12.9959233,77.7192796,High
1932,Horamavu,Jan-Mar,2024,4007.244025,6294.412587,5150.89,13.0273312,77.6601508,Moderate
1933,Horamavu,Apr-Jun,2024,4025.238499,6322.677559,5174.02,13.0273312,77.6601508,Moderate
1934,Horamavu,Jul-Sep,2024,4077.453332,6404.694452,5241.136667,13.0273312,77.6601508,Moderate
1935,Horamavu,Oct-Dec,2024,4312.885566,6774.501634,5543.76,13.0273312,77.6601508,Moderate
1960,Horamavu Agara,Jan-Mar,2024,3479.571778,5712.840748,4630.97,13.037817,77.6504617,Moderate
1961,Horamavu Agara,Apr-Jun,2024,3460.0587,5680.803729,4605.0,13.037817,77.6504617,Moderate
1962,Horamavu Agara,Jul-Sep,2024,3484.934681,5721.645686,4638.1075,13.037817,77.6504617,Moderate
1963,Horamavu Agara,Oct-Dec,2024,3538.96006,5810.345792,4710.01,13.037817,77.6504617,Moderate
1988,Hormavu Agara,Jan-Mar,2024,4051.864249,6051.705203,5062.16,13.0169,77.6519,Moderate
1989,Hormavu Agara,Apr-Jun,2024,4121.74109,6156.070507,5149.46,13.0169,77.6519,Moderate
1990,Hormavu Agara,Jul-Sep,2024,4094.848245,6115.90441,5115.861667,13.0169,77.6519,Moderate
1991,Hormavu Agara,Oct-Dec,2024,4122.621688,6157.385733,5150.560167,13.0169,77.6519,Moderate
2016,Hosa Road,Jan-Mar,2024,4084.441324,6752.216232,5418.27,12.8816077,77.64481805,Moderate
2017,Hosa Road,Apr-Jun,2024,4256.276319,7036.286182,5646.22,12.8816077,77.64481805,Moderate
2018,Hosa Road,Jul-Sep,2024,4264.926491,7050.58626,5657.695,12.8816077,77.64481805,Moderate
2019,Hosa Road,Oct-Dec,2024,4215.858597,6969.469408,5592.603333,12.8816077,77.64481805,Moderate
2044,Hosabasavanapura,Jan-Mar,2024,5027.482007,7544.590688,6285.93,12.9531,77.6419,Moderate
2045,Hosabasavanapura,Apr-Jun,2024,5106.158258,7662.657766,6384.3,12.9531,77.6419,Moderate
2046,Hosabasavanapura,Jul-Sep,2024,5215.893379,7827.333954,6521.503333,12.9531,77.6419,Moderate
2047,Hosabasavanapura,Oct-Dec,2024,5747.541259,8625.1619,7186.23,12.9531,77.6419,Moderate
2072,Hoskote Chintamani Road,Jan-Mar,2024,3237.825163,4988.216064,3996.09,13.0581,77.8649,Moderate
2073,Hoskote Chintamani Road,Apr-Jun,2024,3317.33483,5110.709212,4094.22,13.0581,77.8649,Moderate
2074,Hoskote Chintamani Road,Jul-Sep,2024,3401.622261,5240.563016,4198.246667,13.0581,77.8649,Moderate
2075,Hoskote Chintamani Road,Oct-Dec,2024,4224.507742,6508.306137,5213.843333,13.0581,77.8649,Moderate
2100,Hosur Road,Jan-Mar,2024,4289.681711,7511.068122,5900.42,12.9501326,77.6058328,Moderate
2101,Hosur Road,Apr-Jun,2024,4427.288298,7752.011976,6089.696667,12.9501326,77.6058328,Moderate
2102,Hosur Road,Jul-Sep,2024,4536.114865,7942.563121,6239.386667,12.9501326,77.6058328,Moderate
2103,Hosur Road,Oct-Dec,2024,5118.474043,8962.251703,7040.416667,12.9501326,77.6058328,Moderate
2128,Hulimavu,Jan-Mar,2024,5556.781788,9578.911828,7567.8,12.8773486,77.6028031,Moderate
2129,Hulimavu,Apr-Jun,2024,5731.126019,9879.450535,7805.24,12.8773486,77.6028031,Moderate
2130,Hulimavu,Jul-Sep,2024,5851.929986,10087.69527,7969.763333,12.8773486,77.6028031,Moderate
2131,Hulimavu,Oct-Dec,2024,5719.164818,9858.831534,7788.95,12.8773486,77.6028031,Moderate
2156,Huskur Road,Jan-Mar,2024,4097.858052,7451.147359,5815.71,13.08615899,77.44696656,High
2157,Huskur Road,Apr-Jun,2024,4147.540716,7541.485494,5886.22,13.08615899,77.44696656,High
2158,Huskur Road,Jul-Sep,2024,4203.203581,7642.697445,5965.217143,13.08615899,77.44696656,High
2159,Huskur Road,Oct-Dec,2024,4684.431985,8517.716469,6648.18,13.08615899,77.44696656,High
2184,Hutchins Road,Jan-Mar,2024,7899.16748,13155.196,10359.74,12.9747,77.6007,Low
2185,Hutchins Road,Apr-Jun,2024,7892.99896,13144.92301,10351.65,12.9747,77.6007,Low
2186,Hutchins Road,Jul-Sep,2024,7916.631483,13184.28038,10382.644,12.9747,77.6007,Low
2187,Hutchins Road,Oct-Dec,2024,7492.876261,12478.56259,9826.89,12.9747,77.6007,Low
2212,ITPL,Jan-Mar,2024,8459.003947,13694.66748,11106.39,12.9845606,77.73768499,Low
2213,ITPL,Apr-Jun,2024,8555.800009,13851.37504,11233.48,12.9845606,77.73768499,Low
2214,ITPL,Jul-Sep,2024,8870.225362,14360.41259,11646.31,12.9845606,77.73768499,Low
2215,ITPL,Oct-Dec,2024,9246.609639,14969.75827,12140.49,12.9845606,77.73768499,Low
2240,Indiranagar,Jan-Mar,2024,10372.74057,17357.95646,13856.29,12.9732913,77.6404672,Low
2241,Indiranagar,Apr-Jun,2024,10488.27114,17551.28768,14010.62,12.9732913,77.6404672,Low
2242,Indiranagar,Jul-Sep,2024,10703.5519,17911.54292,14298.2,12.9732913,77.6404672,Low
2243,Indiranagar,Oct-Dec,2024,10695.84138,17898.63997,14287.9,12.9732913,77.6404672,Low
2268,JCR Layout,Jan-Mar,2024,8365.189553,11863.94613,10284.29,12.933134,77.7043284,Low
2269,JCR Layout,Apr-Jun,2024,8530.170451,12097.9306,10487.12,12.933134,77.7043284,Low
2270,JCR Layout,Jul-Sep,2024,8813.118018,12499.22153,10834.98,12.933134,77.7043284,Low
2271,JCR Layout,Oct-Dec,2024,10144.0111,14386.76321,12471.2,12.933134,77.7043284,Low
2296,JP Nagar,Jan-Mar,2024,5290.875397,9364.143664,7427.5,12.9096941,77.5866067,Low
2297,JP Nagar,Apr-Jun,2024,5407.370821,9570.325024,7591.04,12.9096941,77.5866067,Low
2298,JP Nagar,Jul-Sep,2024,5650.785519,10001.13657,7932.753333,12.9096941,77.5866067,Low
2299,JP Nagar,Oct-Dec,2024,6028.656005,10669.91692,8463.22,12.9096941,77.5866067,Low
2324,Jakkur,Jan-Mar,2024,5733.790367,9327.811344,7530.89,13.0784743,77.6068938,Low
2325,Jakkur,Apr-Jun,2024,5819.162736,9466.696322,7643.02,13.0784743,77.6068938,Low
2326,Jakkur,Jul-Sep,2024,6118.289606,9953.32015,8035.9,13.0784743,77.6068938,Low
2327,Jakkur,Oct-Dec,2024,6283.293616,10221.75101,8252.62,13.0784743,77.6068938,Low
2352,Jakkur Road,Jan-Mar,2024,5047.828581,8712.743376,7068.17,13.0822248,77.6076066,Low
2353,Jakkur Road,Apr-Jun,2024,5227.840617,9023.45097,7320.23,13.0822248,77.6076066,Low
2354,Jakkur Road,Jul-Sep,2024,5399.234333,9319.283017,7560.222286,13.0822248,77.6076066,Low
2355,Jakkur Road,Oct-Dec,2024,5571.688887,9616.946111,7801.7,13.0822248,77.6076066,Low
2380,Jalahalli,Jan-Mar,2024,5302.426758,8323.352698,6813.02,13.0394104,77.5197351,Moderate
2381,Jalahalli,Apr-Jun,2024,5553.546088,8717.541029,7135.68,13.0394104,77.5197351,Moderate
2382,Jalahalli,Jul-Sep,2024,5124.379993,8043.868211,6584.25,13.0394104,77.5197351,Moderate
2383,Jalahalli,Oct-Dec,2024,5258.407328,8254.254291,6756.46,13.0394104,77.5197351,Moderate
2408,Jayanagar,Jan-Mar,2024,9407.530617,14515.55291,11703.755,12.9292731,77.5824229,Low
2409,Jayanagar,Apr-Jun,2024,9617.657163,14839.77221,11965.17,12.9292731,77.5824229,Low
2410,Jayanagar,Jul-Sep,2024,9261.648621,14290.46113,11522.2656,12.9292731,77.5824229,Low
2411,Jayanagar,Oct-Dec,2024,6458.497936,9965.27913,8034.911667,12.9292731,77.5824229,Low
2436,Kadubeesanahalli Road,Jan-Mar,2024,7476.366979,12368.06341,10487.86,12.9383161,77.6977864,Moderate
2437,Kadubeesanahalli Road,Apr-Jun,2024,7628.450727,12619.65372,10701.20333,12.9383161,77.6977864,Moderate
2438,Kadubeesanahalli Road,Jul-Sep,2024,7513.198035,12428.99258,10539.52667,12.9383161,77.6977864,Moderate
2439,Kadubeesanahalli Road,Oct-Dec,2024,7770.029307,12853.86545,10899.81,12.9383161,77.6977864,Moderate
2464,Kaggadasapura,Jan-Mar,2024,4324.514058,6539.040766,5431.8,12.9846713,77.6790908,Moderate
2465,Kaggadasapura,Apr-Jun,2024,4294.348028,6493.42711,5393.91,12.9846713,77.6790908,Moderate
2466,Kaggadasapura,Jul-Sep,2024,4739.005968,7165.788525,5952.422,12.9846713,77.6790908,Moderate
2467,Kaggadasapura,Oct-Dec,2024,4961.615181,7502.392986,6232.03,12.9846713,77.6790908,Moderate
2492,Kannamangala Main Road,Jan-Mar,2024,5304.009427,8253.353498,6778.56,13.0569,77.7881,Low
2493,Kannamangala Main Road,Apr-Jun,2024,5642.356615,8779.841806,7210.97,13.0569,77.7881,Low
2494,Kannamangala Main Road,Jul-Sep,2024,6096.360467,9486.298747,7791.19,13.0569,77.7881,Low
2495,Kannamangala Main Road,Oct-Dec,2024,6350.889633,9882.361239,8116.48,13.0569,77.7881,Low
2520,Kasavanahalli,Jan-Mar,2024,5030.173531,8173.386469,6601.78,13.2414761,77.5675665,Moderate
2521,Kasavanahalli,Apr-Jun,2024,5384.240364,8748.699636,7066.47,13.2414761,77.5675665,Moderate
2522,Kasavanahalli,Jul-Sep,2024,5708.240965,9275.159035,7491.7,13.2414761,77.5675665,Moderate
2523,Kasavanahalli,Oct-Dec,2024,6111.544491,9930.475509,8021.01,13.2414761,77.5675665,Moderate
2548,Kathriguppe Main Road,Jan-Mar,2024,5736.351042,9983.603811,7627.45,12.9281567,77.5517253,Moderate
2549,Kathriguppe Main Road,Apr-Jun,2024,6058.995171,10545.13694,8056.46,12.9281567,77.5517253,Moderate
2550,Kathriguppe Main Road,Jul-Sep,2024,6279.324477,10928.60031,8349.425119,12.9281567,77.5517253,Moderate
2551,Kathriguppe Main Road,Oct-Dec,2024,7005.873451,12193.09355,9315.495,12.9281567,77.5517253,Moderate
2576,Kempegowda International Airport Road,Jan-Mar,2024,5848.076418,8263.972686,7055.98,13.19912107,77.70902959,Moderate
2577,Kempegowda International Airport Road,Apr-Jun,2024,6075.303342,8585.069225,7330.14,13.19912107,77.70902959,Moderate
2578,Kempegowda International Airport Road,Jul-Sep,2024,6433.503182,9091.244842,7762.325,13.19912107,77.70902959,Moderate
2579,Kempegowda International Airport Road,Oct-Dec,2024,6561.003379,9271.416589,7916.16,13.19912107,77.70902959,Moderate
2604,Kengeri,Jan-Mar,2024,4147.54712,6280.691048,5214.25,12.9176571,77.4837568,Moderate
2605,Kengeri,Apr-Jun,2024,4398.432259,6660.610071,5529.66,12.9176571,77.4837568,Moderate
2606,Kengeri,Jul-Sep,2024,4404.774452,6670.214145,5537.633333,12.9176571,77.4837568,Moderate
2607,Kengeri,Oct-Dec,2024,4857.233655,7355.379711,6106.46,12.9176571,77.4837568,Moderate
2632,Kengeri Satellite Town,Jan-Mar,2024,3872.569662,6045.400232,4958.86,12.9239162,77.4850018,Moderate
2633,Kengeri Satellite Town,Apr-Jun,2024,4081.037557,6370.835789,5225.805,12.9239162,77.4850018,Moderate
2634,Kengeri Satellite Town,Jul-Sep,2024,4222.783544,6592.11295,5407.312,12.9239162,77.4850018,Moderate
2635,Kengeri Satellite Town,Oct-Dec,2024,4482.413129,6997.416118,5739.77,12.9239162,77.4850018,Moderate
2660,Kogilu,Jan-Mar,2024,5872.648289,9457.924666,7665.38,13.103973,77.6167721,Moderate
2661,Kogilu,Apr-Jun,2024,6038.65251,9725.275158,7882.06,13.103973,77.6167721,Moderate
2662,Kogilu,Jul-Sep,2024,6016.626382,9689.801987,7853.31,13.103973,77.6167721,Moderate
2663,Kogilu,Oct-Dec,2024,6154.758932,9912.265038,8033.61,13.103973,77.6167721,Moderate
2688,Konanakunte,Jan-Mar,2024,6189.380772,10437.92465,8313.59,12.8792861,77.5697529,Moderate
2689,Konanakunte,Apr-Jun,2024,6687.913301,11278.66223,8983.22,12.8792861,77.5697529,Moderate
2690,Konanakunte,Jul-Sep,2024,6157.453338,10384.08144,8270.705,12.8792861,77.5697529,Moderate
2691,Konanakunte,Oct-Dec,2024,6681.838267,11268.41714,8975.06,12.8792861,77.5697529,Moderate
2716,Koramangala,Jan-Mar,2024,9350.366846,15105.14841,12227.84,12.9340114,77.6222304,Moderate
2717,Koramangala,Apr-Jun,2024,9495.923407,15340.28929,12418.19,12.9340114,77.6222304,Moderate
2718,Koramangala,Jul-Sep,2024,9543.9911,15417.94075,12481.05,12.9340114,77.6222304,Moderate
2719,Koramangala,Oct-Dec,2024,9096.784149,14695.49558,11896.22,12.9340114,77.6222304,Moderate
2744,Kothanur,Jan-Mar,2024,5538.120916,9023.767558,7280.83,13.0613601,77.6493895,Moderate
2745,Kothanur,Apr-Jun,2024,5633.323141,9178.88926,7405.99,13.0613601,77.6493895,Moderate
2746,Kothanur,Jul-Sep,2024,5693.474882,9276.900001,7485.07,13.0613601,77.6493895,Moderate
2747,Kothanur,Oct-Dec,2024,7362.936714,11997.10704,9679.87,13.0613601,77.6493895,Moderate
2772,Krishnarajapura,Jan-Mar,2024,4558.086945,7587.806187,6072.99,12.9999024,77.6776703,Moderate
2773,Krishnarajapura,Apr-Jun,2024,4667.352117,7769.698932,6218.57,12.9999024,77.6776703,Moderate
2774,Krishnarajapura,Jul-Sep,2024,4801.229848,7992.563983,6396.942667,12.9999024,77.6776703,Moderate
2775,Krishnarajapura,Oct-Dec,2024,5221.160968,8691.619527,6956.44,12.9999024,77.6776703,Moderate
2800,Kudlu Gate,Jan-Mar,2024,4841.722621,8105.38414,6473.61,12.8895775,77.6394582,Moderate
2801,Kudlu Gate,Apr-Jun,2024,4912.236231,8223.428881,6567.89,12.8895775,77.6394582,Moderate
2802,Kudlu Gate,Jul-Sep,2024,5284.265078,8846.231333,7065.31,12.8895775,77.6394582,Moderate
2803,Kudlu Gate,Oct-Dec,2024,6537.190505,10943.7166,8740.53,12.8895775,77.6394582,Moderate
2828,Kumaraswamy Layout,Jan-Mar,2024,4472.829116,6876.954564,5674.87,12.9067683,77.5595021,Low
2829,Kumaraswamy Layout,Apr-Jun,2024,4543.655131,6985.849241,5764.73,12.9067683,77.5595021,Low
2830,Kumaraswamy Layout,Jul-Sep,2024,4798.52159,7377.705271,6088.09,12.9067683,77.5595021,Low
2831,Kumaraswamy Layout,Oct-Dec,2024,4843.983915,7447.60339,6145.77,12.9067683,77.5595021,Low
2856,Kundalahalli,Jan-Mar,2024,4881.397727,8407.302009,6644.39,12.977594,77.7155586,Moderate
2857,Kundalahalli,Apr-Jun,2024,4882.323404,8408.896317,6645.65,12.977594,77.7155586,Moderate
2858,Kundalahalli,Jul-Sep,2024,5267.694138,9072.625913,7170.203333,12.977594,77.7155586,Moderate
2859,Kundalahalli,Oct-Dec,2024,5559.449018,9575.119569,7567.33,12.977594,77.7155586,Moderate
2884,Lalbagh Main Road,Jan-Mar,2024,10940.01539,17104.05811,14260.14,12.9417,77.5834,Moderate
2885,Lalbagh Main Road,Apr-Jun,2024,11187.21435,17490.53886,14582.36,12.9417,77.5834,Moderate
2886,Lalbagh Main Road,Jul-Sep,2024,10484.20123,16391.42001,13665.99333,12.9417,77.5834,Moderate
2887,Lalbagh Main Road,Oct-Dec,2024,9241.306985,14448.22937,12045.9,12.9417,77.5834,Moderate
2912,MSR College Road,Jan-Mar,2024,5916.733165,9072.277981,7551.73,13.0465,77.5609,Low
2913,MSR College Road,Apr-Jun,2024,6120.660915,9384.965605,7812.01,13.0465,77.5609,Low
2914,MSR College Road,Jul-Sep,2024,5994.146263,9190.977461,7650.535,13.0465,77.5609,Low
2915,MSR College Road,Oct-Dec,2024,6631.502749,10168.25243,8464.015,13.0465,77.5609,Low
2940,Magadi Main Road,Jan-Mar,2024,8473.912393,14068.4347,11271.22,13.0195,77.5224,Moderate
2941,Magadi Main Road,Apr-Jun,2024,8459.447403,14044.41985,11251.98,13.0195,77.5224,Moderate
2942,Magadi Main Road,Jul-Sep,2024,7437.9925,12348.59495,9893.3345,13.0195,77.5224,Moderate
2943,Magadi Main Road,Oct-Dec,2024,8171.140022,13565.77039,10868.5,13.0195,77.5224,Moderate
2968,Mahadevapura,Jan-Mar,2024,6680.633404,11209.84165,8945.34,12.98599614,77.6868667,High
2969,Mahadevapura,Apr-Jun,2024,6242.663394,10474.9451,8358.9,12.98599614,77.6868667,High
2970,Mahadevapura,Jul-Sep,2024,5233.416382,8781.468073,7007.5225,12.98599614,77.6868667,High
2971,Mahadevapura,Oct-Dec,2024,7184.712659,12055.66694,9620.3,12.98599614,77.6868667,High
2996,Malleshwaram,Jan-Mar,2024,8679.576148,14022.25936,11350.84,13.0027353,77.5703253,Moderate
2997,Malleshwaram,Apr-Jun,2024,8894.92076,14370.15861,11632.46,13.0027353,77.5703253,Moderate
2998,Malleshwaram,Jul-Sep,2024,8988.156214,14520.78483,11754.39,13.0027353,77.5703253,Moderate
2999,Malleshwaram,Oct-Dec,2024,8863.018987,14318.61981,11590.74,13.0027353,77.5703253,Moderate
3024,Marathahalli,Jan-Mar,2024,5163.815376,8948.786185,7056.32,12.9552572,77.6984163,Moderate
3025,Marathahalli,Apr-Jun,2024,6008.085783,10411.88949,8210.01,12.9552572,77.6984163,Moderate
3026,Marathahalli,Jul-Sep,2024,6076.304184,10530.11058,8303.23,12.9552572,77.6984163,Moderate
3027,Marathahalli,Oct-Dec,2024,6647.444857,11519.88566,9083.69,12.9552572,77.6984163,Moderate
3052,Marathahalli Sarjapur Outer Ring Road,Jan-Mar,2024,6363.196952,9475.335857,7919.32,12.9349,77.6824,Moderate
3053,Marathahalli Sarjapur Outer Ring Road,Apr-Jun,2024,6845.089809,10192.91488,8519.06,12.9349,77.6824,Moderate
3054,Marathahalli Sarjapur Outer Ring Road,Jul-Sep,2024,7326.704118,10910.07913,9118.453333,12.9349,77.6824,Moderate
3055,Marathahalli Sarjapur Outer Ring Road,Oct-Dec,2024,7928.790302,11806.63613,9867.78,12.9349,77.6824,Moderate
3080,Medahalli Kadugodi Road,Jan-Mar,2024,4612.090297,8822.736051,6715.24,13.022787,77.7205883,Moderate
3081,Medahalli Kadugodi Road,Apr-Jun,2024,4667.426535,8928.591961,6795.81,13.022787,77.7205883,Moderate
3082,Medahalli Kadugodi Road,Jul-Sep,2024,4331.91325,8286.769065,6307.3,13.022787,77.7205883,Moderate
3083,Medahalli Kadugodi Road,Oct-Dec,2024,4883.064098,9341.097611,7109.78,13.022787,77.7205883,Moderate
3108,Medahalli Main Road,Jan-Mar,2024,4700.62391,7775.344946,6296.26,13.0461,77.784,Moderate
3109,Medahalli Main Road,Apr-Jun,2024,4871.402709,8057.831716,6525.01,13.0461,77.784,Moderate
3110,Medahalli Main Road,Jul-Sep,2024,4639.729603,7674.619116,6214.695,13.0461,77.784,Moderate
3111,Medahalli Main Road,Oct-Dec,2024,4824.64478,7980.489,6462.38,13.0461,77.784,Moderate
3136,Mysore Road,Jan-Mar,2024,4637.779671,7328.384369,5983.15,12.9466619,77.5300896,High
3137,Mysore Road,Apr-Jun,2024,5054.983343,7987.628466,6521.38,12.9466619,77.5300896,High
3138,Mysore Road,Jul-Sep,2024,4827.061139,7627.477352,6227.34,12.9466619,77.5300896,High
3139,Mysore Road,Oct-Dec,2024,4844.788594,7655.489378,6250.21,12.9466619,77.5300896,High
3164,NRI Layout Main Road,Jan-Mar,2024,4103.144242,7374.782472,5739.01,12.9715,77.6106,Moderate
3165,NRI Layout Main Road,Apr-Jun,2024,4315.658002,7756.74388,6036.25,12.9715,77.6106,Moderate
3166,NRI Layout Main Road,Jul-Sep,2024,4075.446816,7325.000528,5700.27,12.9715,77.6106,Moderate
3167,NRI Layout Main Road,Oct-Dec,2024,4471.44709,8036.751251,6254.15,12.9715,77.6106,Moderate
3192,Naagarabhaavi,Jan-Mar,2024,4818.669261,7159.347595,5989.1,12.9575,77.5347,Moderate
3193,Naagarabhaavi,Apr-Jun,2024,4948.704379,7352.547535,6150.72,12.9575,77.5347,Moderate
3194,Naagarabhaavi,Jul-Sep,2024,4702.07856,6986.122726,5844.19,12.9575,77.5347,Moderate
3195,Naagarabhaavi,Oct-Dec,2024,5083.27729,7552.489509,6317.98,12.9575,77.5347,Moderate
3220,Nagavara,Jan-Mar,2024,5981.616031,9699.243969,7840.43,13.0374647,77.623602,High
3221,Nagavara,Apr-Jun,2024,6119.918057,9923.501943,8021.71,13.0374647,77.623602,High
3222,Nagavara,Jul-Sep,2024,6375.03067,10337.16933,8356.1,13.0374647,77.623602,High
3223,Nagavara,Oct-Dec,2024,6393.653532,10367.36647,8380.51,13.0374647,77.623602,High
3248,Neotown Road,Jan-Mar,2024,4664.60323,8253.402462,6459.17,12.81796021,77.65686363,Moderate
3249,Neotown Road,Apr-Jun,2024,4812.344276,8514.810828,6663.75,12.81796021,77.65686363,Moderate
3250,Neotown Road,Jul-Sep,2024,4496.37429,7955.743458,6226.22,12.81796021,77.65686363,Moderate
3251,Neotown Road,Oct-Dec,2024,4393.732611,7774.132494,6084.09,12.81796021,77.65686363,Moderate
3276,Nice Ring Road,Jan-Mar,2024,4193.233155,7408.768954,5796.16,12.95658943,77.47162044,Moderate
3277,Nice Ring Road,Apr-Jun,2024,4300.02164,7597.447041,5943.77,12.95658943,77.47162044,Moderate
3278,Nice Ring Road,Jul-Sep,2024,4642.434671,8202.435827,6417.075595,12.95658943,77.47162044,Moderate
3279,Nice Ring Road,Oct-Dec,2024,4707.361313,8317.150766,6506.821429,12.95658943,77.47162044,Moderate
3304,OMBR Layout,Jan-Mar,2024,4540.406352,6771.289987,5655.74,13.0082113,77.652778,Moderate
3305,OMBR Layout,Apr-Jun,2024,4643.156232,6924.525002,5783.73,13.0082113,77.652778,Moderate
3306,OMBR Layout,Jul-Sep,2024,4946.825252,7377.398784,6161.994167,13.0082113,77.652778,Moderate
3307,OMBR Layout,Oct-Dec,2024,5115.007703,7628.216014,6371.49,13.0082113,77.652778,Moderate
3332,Old Madras Road,Jan-Mar,2024,5148.488822,8576.594044,6862.61,12.9956481,77.6662045,Moderate
3333,Old Madras Road,Apr-Jun,2024,5278.990138,8793.989253,7036.56,12.9956481,77.6662045,Moderate
3334,Old Madras Road,Jul-Sep,2024,5614.87254,9353.517905,7484.27,12.9956481,77.6662045,Moderate
3335,Old Madras Road,Oct-Dec,2024,5525.355915,9204.396914,7364.95,12.9956481,77.6662045,Moderate
3360,Outer Ring Road,Jan-Mar,2024,5533.403722,8806.873231,7170.03,12.9472,77.6402,Moderate
3361,Outer Ring Road,Apr-Jun,2024,5664.522461,9015.559633,7339.93,12.9472,77.6402,Moderate
3362,Outer Ring Road,Jul-Sep,2024,5807.596749,9243.274288,7525.321667,12.9472,77.6402,Moderate
3363,Outer Ring Road,Oct-Dec,2024,6029.694709,9596.761703,7813.11,12.9472,77.6402,Moderate
3388,Panathur,Jan-Mar,2024,6914.219886,10176.15028,8545.12,12.93623091,77.70585294,Moderate
3389,Panathur,Apr-Jun,2024,7047.979235,10373.01345,8710.43,12.93623091,77.70585294,Moderate
3390,Panathur,Jul-Sep,2024,7533.55375,11087.66807,9310.54,12.93623091,77.70585294,Moderate
3391,Panathur,Oct-Dec,2024,8897.565744,13095.18176,10996.29,12.93623091,77.70585294,Moderate
3416,Phase 1 Electronics City,Jan-Mar,2024,4813.759211,8274.40426,6429.81,12.84017835,77.65945688,Moderate
3417,Phase 1 Electronics City,Apr-Jun,2024,4692.670498,8066.264028,6268.07,12.84017835,77.65945688,Moderate
3418,Phase 1 Electronics City,Jul-Sep,2024,4573.513336,7861.443951,6108.91,12.84017835,77.65945688,Moderate
3419,Phase 1 Electronics City,Oct-Dec,2024,5089.881005,8749.031936,6798.63,12.84017835,77.65945688,Moderate
3444,Phase 2 Electronic City,Jan-Mar,2024,3780.099367,6569.178516,5174.68,12.8468545,77.6769267,Moderate
3445,Phase 2 Electronic City,Apr-Jun,2024,3684.374758,6402.825205,5043.64,12.8468545,77.6769267,Moderate
3446,Phase 2 Electronic City,Jul-Sep,2024,3661.334815,6362.785649,5012.1,12.8468545,77.6769267,Moderate
3447,Phase 2 Electronic City,Oct-Dec,2024,4189.829038,7281.219945,5735.57,12.8468545,77.6769267,Moderate
3472,Phase 7 JP Nagar,Jan-Mar,2024,6086.240403,9965.194711,8025.74,12.9119148,77.5798871,Moderate
3473,Phase 7 JP Nagar,Apr-Jun,2024,6341.914765,10383.81846,8362.89,12.9119148,77.5798871,Moderate
3474,Phase 7 JP Nagar,Jul-Sep,2024,6030.714742,9874.280782,7952.52,12.9119148,77.5798871,Moderate
3475,Phase 7 JP Nagar,Oct-Dec,2024,6518.964426,10673.7075,8596.36,12.9119148,77.5798871,Moderate
3500,Phase 8th JP Nagar,Jan-Mar,2024,4523.247593,7070.226976,5796.63,12.9074619,77.5950566,Moderate
3501,Phase 8th JP Nagar,Apr-Jun,2024,4822.228607,7537.560145,6179.78,12.9074619,77.5950566,Moderate
3502,Phase 8th JP Nagar,Jul-Sep,2024,5647.085349,8826.882532,7236.85,12.9074619,77.5950566,Moderate
3503,Phase 8th JP Nagar,Oct-Dec,2024,5917.920088,9250.22064,7583.93,12.9074619,77.5950566,Moderate
3528,Pulikeshi Nagar,Jan-Mar,2024,7387.593106,12601.41391,10102.3,12.9745,77.6071,Low
3529,Pulikeshi Nagar,Apr-Jun,2024,7608.855991,12978.83388,10404.87,12.9745,77.6071,Low
3530,Pulikeshi Nagar,Jul-Sep,2024,8580.074058,14635.49265,11732.98,12.9745,77.6071,Low
3531,Pulikeshi Nagar,Oct-Dec,2024,8396.640201,14322.59968,11482.14,12.9745,77.6071,Low
3556,Queens Road,Jan-Mar,2024,10712.23485,18674.14269,15620.27,12.9763,77.6023,Low
3557,Queens Road,Apr-Jun,2024,10847.29445,18909.58585,15817.21,12.9763,77.6023,Low
3558,Queens Road,Jul-Sep,2024,10952.82803,19093.55764,15971.096,12.9763,77.6023,Low
3559,Queens Road,Oct-Dec,2024,10351.39239,18045.10276,15094.1,12.9763,77.6023,Low
3584,RK Hegde Nagar,Jan-Mar,2024,5959.233023,9927.42622,7943.283333,13.071613,77.63358,Moderate
3585,RK Hegde Nagar,Apr-Jun,2024,6320.705418,10529.59944,8425.103333,13.071613,77.63358,Moderate
3586,RK Hegde Nagar,Jul-Sep,2024,6131.795542,10214.89638,8173.298333,13.071613,77.63358,Moderate
3587,RK Hegde Nagar,Oct-Dec,2024,7201.644651,11997.14723,9599.34,13.071613,77.63358,Moderate
3612,RR Nagar,Jan-Mar,2024,4710.056751,7467.085625,6088.55,12.92193353,77.5166637,Low
3613,RR Nagar,Apr-Jun,2024,4789.257154,7592.645935,6190.93,12.92193353,77.5166637,Low
3614,RR Nagar,Jul-Sep,2024,4932.843662,7820.280719,6376.54,12.92193353,77.5166637,Low
3615,RR Nagar,Oct-Dec,2024,5225.222955,8283.804056,6754.49,12.92193353,77.5166637,Low
3640,RT Nagar,Jan-Mar,2024,4613.911661,7616.188339,6115.05,13.0227204,77.595715,Moderate
3641,RT Nagar,Apr-Jun,2024,4714.911361,7782.908639,6248.91,13.0227204,77.595715,Moderate
3642,RT Nagar,Jul-Sep,2024,4770.987095,7875.472905,6323.23,13.0227204,77.595715,Moderate
3643,RT Nagar,Oct-Dec,2024,4899.836032,8088.163968,6494.0,13.0227204,77.595715,Moderate
3668,Rachenahalli,Jan-Mar,2024,5570.536784,8326.325924,6935.68,13.06179508,77.61622986,Moderate
3669,Rachenahalli,Apr-Jun,2024,5584.046119,8346.518436,6952.5,13.06179508,77.61622986,Moderate
3670,Rachenahalli,Jul-Sep,2024,5612.154426,8388.532147,6987.496667,13.06179508,77.61622986,Moderate
3671,Rachenahalli,Oct-Dec,2024,5696.305325,8514.313169,7092.27,13.06179508,77.61622986,Moderate
3696,Rajajinagar,Jan-Mar,2024,12465.91654,20369.81842,14884.72,13.0005359,77.5496996,Low
3697,Rajajinagar,Apr-Jun,2024,12699.80448,20752.0009,15163.99,13.0005359,77.5496996,Low
3698,Rajajinagar,Jul-Sep,2024,12734.83882,20809.24844,15205.82217,13.0005359,77.5496996,Low
3699,Rajajinagar,Oct-Dec,2024,12441.56881,20330.03323,14855.648,13.0005359,77.5496996,Low
3724,Ramagondanahalli Whitefield,Jan-Mar,2024,8360.807117,13196.02816,10804.15333,12.9569171,77.7399868,Low
3725,Ramagondanahalli Whitefield,Apr-Jun,2024,8324.69922,13139.03835,10757.49333,12.9569171,77.7399868,Low
3726,Ramagondanahalli Whitefield,Jul-Sep,2024,8170.099354,12895.03031,10557.7135,12.9569171,77.7399868,Low
3727,Ramagondanahalli Whitefield,Oct-Dec,2024,7916.408873,12494.62557,10229.885,12.9569171,77.7399868,Low
3752,Ramamurthy Nagar,Jan-Mar,2024,4725.330319,7178.156054,5933.42,13.0120218,77.6777817,Moderate
3753,Ramamurthy Nagar,Apr-Jun,2024,4457.973442,6772.019497,5597.71,13.0120218,77.6777817,Moderate
3754,Ramamurthy Nagar,Jul-Sep,2024,4446.533266,6754.640951,5583.345,13.0120218,77.6777817,Moderate
3755,Ramamurthy Nagar,Oct-Dec,2024,5129.56315,7792.218172,6441.0,13.0120218,77.6777817,Moderate
3780,Rashtriya Vidyalaya Road,Jan-Mar,2024,8224.313445,13836.95118,11043.95,12.9348714,77.58003153,Low
3781,Rashtriya Vidyalaya Road,Apr-Jun,2024,8159.42865,13727.78611,10956.82,12.9348714,77.58003153,Low
3782,Rashtriya Vidyalaya Road,Jul-Sep,2024,7670.100636,12904.51887,10299.73,12.9348714,77.58003153,Low
3783,Rashtriya Vidyalaya Road,Oct-Dec,2024,7904.11186,13298.22977,10613.97,12.9348714,77.58003153,Low
3808,Sadarmangala Main Road,Jan-Mar,2024,5375.569839,9323.617637,7349.76,13.0451,77.7681,Moderate
3809,Sadarmangala Main Road,Apr-Jun,2024,5681.71671,9854.611829,7768.34,13.0451,77.7681,Moderate
3810,Sadarmangala Main Road,Jul-Sep,2024,6509.56687,11290.47046,8900.22,13.0451,77.7681,Moderate
3811,Sadarmangala Main Road,Oct-Dec,2024,6611.333021,11466.97801,9039.36,13.0451,77.7681,Moderate
3836,Sahakar Nagar,Jan-Mar,2024,5752.734047,9298.115058,7525.47,13.0256,77.5783,Moderate
3837,Sahakar Nagar,Apr-Jun,2024,6178.646754,9986.515621,8082.63,13.0256,77.5783,Moderate
3838,Sahakar Nagar,Jul-Sep,2024,7093.354607,11464.95332,9279.21,13.0256,77.5783,Moderate
3839,Sahakar Nagar,Oct-Dec,2024,6949.273863,11232.07634,9090.73,13.0256,77.5783,Moderate
3864,Sampige Road,Jan-Mar,2024,8008.425072,12978.69493,10493.56,13.00273984,77.57451451,Moderate
3865,Sampige Road,Apr-Jun,2024,8151.006557,13209.76678,10680.38667,13.00273984,77.57451451,Moderate
3866,Sampige Road,Jul-Sep,2024,8631.265098,13988.08824,11309.67667,13.00273984,77.57451451,Moderate
3867,Sampige Road,Oct-Dec,2024,8008.600603,12978.9794,10493.79,13.00273984,77.57451451,Moderate
3892,Sanjay Nagar Main Road,Jan-Mar,2024,7092.331349,11241.76802,9160.93,13.0102,77.5723,Moderate
3893,Sanjay Nagar Main Road,Apr-Jun,2024,6892.958489,10925.75016,8903.406667,13.0102,77.5723,Moderate
3894,Sanjay Nagar Main Road,Jul-Sep,2024,7270.552729,11524.25954,9391.132667,13.0102,77.5723,Moderate
3895,Sanjay Nagar Main Road,Oct-Dec,2024,7462.705461,11828.83307,9639.33,13.0102,77.5723,Moderate
3920,Sanjayanagara,Jan-Mar,2024,6433.547554,10458.46554,8445.96,13.0072,77.5874,Low
3921,Sanjayanagara,Apr-Jun,2024,6390.822075,10389.0104,8389.87,13.0072,77.5874,Low
3922,Sanjayanagara,Jul-Sep,2024,6649.862586,10810.11031,8729.938333,13.0072,77.5874,Low
3923,Sanjayanagara,Oct-Dec,2024,6769.394647,11004.42331,8886.86,13.0072,77.5874,Low
3948,Sankey Road,Jan-Mar,2024,8874.721286,15619.33871,12247.03,13.0037122,77.5836094,Moderate
3949,Sankey Road,Apr-Jun,2024,8764.807476,15425.89252,12095.35,13.0037122,77.5836094,Moderate
3950,Sankey Road,Jul-Sep,2024,9400.485821,16544.67418,12972.58,13.0037122,77.5836094,Moderate
3951,Sankey Road,Oct-Dec,2024,9547.725978,16803.81402,13175.77,13.0037122,77.5836094,Moderate
3976,Sarjapur Road,Jan-Mar,2024,5612.204907,9422.131499,7517.06,12.9241419,77.6288623,Moderate
3977,Sarjapur Road,Apr-Jun,2024,5611.812944,9421.473447,7516.535,12.9241419,77.6288623,Moderate
3978,Sarjapur Road,Jul-Sep,2024,6203.483218,10414.80766,8309.025833,12.9241419,77.6288623,Moderate
3979,Sarjapur Road,Oct-Dec,2024,7631.183303,12811.72262,10221.30583,12.9241419,77.6288623,Moderate
4004,Sarjapura,Jan-Mar,2024,5197.88421,8971.100425,7084.45,12.8600866,77.7861352,High
4005,Sarjapura,Apr-Jun,2024,5203.775847,8981.268884,7092.48,12.8600866,77.7861352,High
4006,Sarjapura,Jul-Sep,2024,5614.539629,9690.21179,7652.33,12.8600866,77.7861352,High
4007,Sarjapura,Oct-Dec,2024,6348.873895,10957.60948,8653.19,12.8600866,77.7861352,High
4032,Sarjapura Attibele Road,Jan-Mar,2024,4599.498928,8366.886791,6483.14,12.7634,77.7247,High
4033,Sarjapura Attibele Road,Apr-Jun,2024,4504.268724,8193.654806,6348.91,12.7634,77.7247,High
4034,Sarjapura Attibele Road,Jul-Sep,2024,4458.937832,8111.193989,6285.014667,12.7634,77.7247,High
4035,Sarjapura Attibele Road,Oct-Dec,2024,6019.440878,10949.88414,8484.593333,12.7634,77.7247,High
4060,Seegehalli Krishnarajapura,Jan-Mar,2024,5079.880884,7915.709228,6498.09,13.00547125,77.74937623,Moderate
4061,Seegehalli Krishnarajapura,Apr-Jun,2024,4933.834377,7688.132694,6311.27,13.00547125,77.74937623,Moderate
4062,Seegehalli Krishnarajapura,Jul-Sep,2024,5944.590029,9263.139671,7604.21,13.00547125,77.74937623,Moderate
4063,Seegehalli Krishnarajapura,Oct-Dec,2024,6311.981188,9835.625849,8074.17,13.00547125,77.74937623,Moderate
4088,Seegehalli Road,Jan-Mar,2024,5396.372613,8041.338712,6718.66,13.0164321,77.7169887,Moderate
4089,Seegehalli Road,Apr-Jun,2024,5243.517182,7813.563058,6528.35,13.0164321,77.7169887,Moderate
4090,Seegehalli Road,Jul-Sep,2024,5623.266265,8379.441514,7001.15,13.0164321,77.7169887,Moderate
4091,Seegehalli Road,Oct-Dec,2024,6279.088433,9356.706904,7817.67,13.0164321,77.7169887,Moderate
4116,Silver County Road,Jan-Mar,2024,4921.77214,8399.040613,6660.47,12.89447424,77.65897966,Moderate
4117,Silver County Road,Apr-Jun,2024,4825.804356,8235.270879,6530.6,12.89447424,77.65897966,Moderate
4118,Silver County Road,Jul-Sep,2024,4941.812537,8433.239699,6687.59,12.89447424,77.65897966,Moderate
4119,Silver County Road,Oct-Dec,2024,5519.015863,9418.24145,7468.7,12.89447424,77.65897966,Moderate
4144,Singasandra,Jan-Mar,2024,5039.059502,7627.740498,6333.4,12.68449915,77.70161806,Moderate
4145,Singasandra,Apr-Jun,2024,4901.987918,7420.252082,6161.12,12.68449915,77.70161806,Moderate
4146,Singasandra,Jul-Sep,2024,5048.656821,7642.268179,6345.4625,12.68449915,77.70161806,Moderate
4147,Singasandra,Oct-Dec,2024,5652.953703,8557.006297,7104.98,12.68449915,77.70161806,Moderate
4172,Somasundarapalya Main Road,Jan-Mar,2024,7471.114891,12319.11518,9922.66,12.8632,77.6384,Low
4173,Somasundarapalya Main Road,Apr-Jun,2024,7494.199869,12357.17998,9953.32,12.8632,77.6384,Low
4174,Somasundarapalya Main Road,Jul-Sep,2024,8033.57969,13246.56293,10669.69,12.8632,77.6384,Low
4175,Somasundarapalya Main Road,Oct-Dec,2024,8049.4892,13272.7961,10690.82,12.8632,77.6384,Low
4200,Spencer Road,Jan-Mar,2024,7261.723473,12393.95001,9827.72,12.971,77.5955,Moderate
4201,Spencer Road,Apr-Jun,2024,7253.159597,12379.33361,9816.13,12.971,77.5955,Moderate
4202,Spencer Road,Jul-Sep,2024,8337.668455,14230.31962,11283.86,12.971,77.5955,Moderate
4203,Spencer Road,Oct-Dec,2024,7067.06709,12061.72014,9564.28,12.971,77.5955,Moderate
4228,Stage 2 RMV,Jan-Mar,2024,7096.777389,11708.11616,9402.5,13.0379748,77.5700193,Low
4229,Stage 2 RMV,Apr-Jun,2024,7160.525735,11813.28686,9486.96,13.0379748,77.5700193,Low
4230,Stage 2 RMV,Jul-Sep,2024,7083.15369,11685.64007,9384.45,13.0379748,77.5700193,Low
4231,Stage 2 RMV,Oct-Dec,2024,7420.274203,12241.8145,9831.1,13.0379748,77.5700193,Low
4256,Stage 3rd Banashankari,Jan-Mar,2024,5002.569339,8499.070661,6750.82,12.9315578,77.5479272,Low
4257,Stage 3rd Banashankari,Apr-Jun,2024,4931.319174,8378.020826,6654.67,12.9315578,77.5479272,Low
4258,Stage 3rd Banashankari,Jul-Sep,2024,5591.452142,9499.547858,7545.5,12.9315578,77.5479272,Low
4259,Stage 3rd Banashankari,Oct-Dec,2024,6136.614095,10425.74591,8281.18,12.9315578,77.5479272,Low
4284,State Highway 35,Jan-Mar,2024,5025.26478,8901.31522,6963.29,12.977514,77.7511134,Moderate
4285,State Highway 35,Apr-Jun,2024,5068.349055,8977.630945,7022.99,12.977514,77.7511134,Moderate
4286,State Highway 35,Jul-Sep,2024,5982.536768,10596.94323,8289.74,12.977514,77.7511134,Moderate
4287,State Highway 35,Oct-Dec,2024,6495.780911,11506.05909,9000.92,12.977514,77.7511134,Moderate
4312,Subramanyapura,Jan-Mar,2024,4463.865006,6787.430792,5625.69,12.8963963,77.5377864,Moderate
4313,Subramanyapura,Apr-Jun,2024,4660.965107,7087.126973,5874.09,12.8963963,77.5377864,Moderate
4314,Subramanyapura,Jul-Sep,2024,5546.897264,8434.211438,6990.606667,12.8963963,77.5377864,Moderate
4315,Subramanyapura,Oct-Dec,2024,5430.901262,8257.836294,6844.42,12.8963963,77.5377864,Moderate
4340,Thalaghattapura Main Road,Jan-Mar,2024,4903.236228,8843.95054,7037.94,12.8366,77.6389,High
4341,Thalaghattapura Main Road,Apr-Jun,2024,5093.912296,9187.872316,7311.63,12.8366,77.6389,High
4342,Thalaghattapura Main Road,Jul-Sep,2024,5348.741558,9647.506991,7677.403333,12.8366,77.6389,High
4343,Thalaghattapura Main Road,Oct-Dec,2024,5348.049517,9646.258758,7676.41,12.8366,77.6389,High
4368,Thanisandra,Jan-Mar,2024,5959.413704,9222.222513,7351.6,13.054713,77.6339258,Moderate
4369,Thanisandra,Apr-Jun,2024,6213.383494,9615.242035,7664.9,13.054713,77.6339258,Moderate
4370,Thanisandra,Jul-Sep,2024,6633.378031,10265.18568,8183.01,13.054713,77.6339258,Moderate
4371,Thanisandra,Oct-Dec,2024,7051.743205,10912.60788,8699.11,13.054713,77.6339258,Moderate
4396,Thanisandra Main Road,Jan-Mar,2024,5801.185081,9139.024972,7470.083333,13.06825855,77.63370682,Low
4397,Thanisandra Main Road,Apr-Jun,2024,6071.189569,9564.382503,7817.763333,13.06825855,77.63370682,Low
4398,Thanisandra Main Road,Jul-Sep,2024,6694.53639,10546.38568,8620.436,13.06825855,77.63370682,Low
4399,Thanisandra Main Road,Oct-Dec,2024,7292.911731,11489.04948,9390.953333,13.06825855,77.63370682,Low
4424,Thimmaiah Road,Jan-Mar,2024,9996.282782,16882.5818,13439.45,12.9903888,77.599973,Low
4425,Thimmaiah Road,Apr-Jun,2024,10320.29014,17429.79329,13875.06,12.9903888,77.599973,Low
4426,Thimmaiah Road,Jul-Sep,2024,11067.42385,18691.61693,14879.54,12.9903888,77.599973,Low
4427,Thimmaiah Road,Oct-Dec,2024,10295.17197,17387.37155,13841.29,12.9903888,77.599973,Low
4452,Thurahalli,Jan-Mar,2024,6105.166896,8924.308109,7514.81,12.9468,77.5124,Moderate
4453,Thurahalli,Apr-Jun,2024,5971.897847,8729.500323,7350.77,12.9468,77.5124,Moderate
4454,Thurahalli,Jul-Sep,2024,6919.981527,10115.37413,8517.76,12.9468,77.5124,Moderate
4455,Thurahalli,Oct-Dec,2024,7112.841435,10397.28964,8755.15,12.9468,77.5124,Moderate
4480,Tumkur Road,Jan-Mar,2024,8315.224148,13112.89585,10714.06,13.0372194,77.52354243,Moderate
4481,Tumkur Road,Apr-Jun,2024,8334.944949,13143.99505,10739.47,13.0372194,77.52354243,Moderate
4482,Tumkur Road,Jul-Sep,2024,8051.313885,12696.71612,10374.015,13.0372194,77.52354243,Moderate
4483,Tumkur Road,Oct-Dec,2024,7394.47772,11660.90228,9527.69,13.0372194,77.52354243,Moderate
4508,Uttarahalli Hobli,Jan-Mar,2024,4474.615587,7150.293864,5812.392,12.8769,77.5424,Moderate
4509,Uttarahalli Hobli,Apr-Jun,2024,4611.039048,7368.294229,5989.602,12.8769,77.5424,Moderate
4510,Uttarahalli Hobli,Jul-Sep,2024,4869.238595,7780.888921,6324.9955,12.8769,77.5424,Moderate
4511,Uttarahalli Hobli,Oct-Dec,2024,5279.328471,8436.199543,6857.69,12.8769,77.5424,Moderate
4536,Uttarahalli Main Road,Jan-Mar,2024,4443.390897,7178.487424,5810.96,12.90139,77.5109321,Low
4537,Uttarahalli Main Road,Apr-Jun,2024,4572.740265,7387.456843,5980.12,12.90139,77.5109321,Low
4538,Uttarahalli Main Road,Jul-Sep,2024,4627.248835,7475.517762,6051.405,12.90139,77.5109321,Low
4539,Uttarahalli Main Road,Oct-Dec,2024,5218.546577,8430.784473,6824.69,12.90139,77.5109321,Low
4564,Vajarahalli,Jan-Mar,2024,4680.404118,8623.33921,6664.985,13.1016741,77.406047,High
4565,Vajarahalli,Apr-Jun,2024,4839.418836,8916.313453,6891.425,13.1016741,77.406047,High
4566,Vajarahalli,Jul-Sep,2024,4695.99801,8652.069938,6687.191,13.1016741,77.406047,High
4567,Vajarahalli,Oct-Dec,2024,5257.381971,9686.383259,7486.6125,13.1016741,77.406047,High
4592,Varthur,Jan-Mar,2024,5870.87483,9443.752961,7849.0,12.9406152,77.7469937,Low
4593,Varthur,Apr-Jun,2024,6847.987662,11015.51398,9155.34,12.9406152,77.7469937,Low
4594,Varthur,Jul-Sep,2024,6949.301205,11178.48459,9290.79,12.9406152,77.7469937,Low
4595,Varthur,Oct-Dec,2024,7407.886166,11916.15372,9903.89,12.9406152,77.7469937,Low
4620,Varthur Road,Jan-Mar,2024,6600.373524,10988.63155,8796.46,12.95710673,77.69897155,High
4621,Varthur Road,Apr-Jun,2024,7136.10434,11880.54298,9510.44,12.95710673,77.69897155,High
4622,Varthur Road,Jul-Sep,2024,7290.01496,12136.78107,9715.56,12.95710673,77.69897155,High
4623,Varthur Road,Oct-Dec,2024,7541.762973,12555.90373,10051.07,12.95710673,77.69897155,High
4648,Vidyaranyapura,Jan-Mar,2024,4940.715532,8160.504468,6550.61,13.0766407,77.5577315,Moderate
4649,Vidyaranyapura,Apr-Jun,2024,5444.417943,8992.462057,7218.44,13.0766407,77.5577315,Moderate
4650,Vidyaranyapura,Jul-Sep,2024,4332.012328,7155.118672,5743.5655,13.0766407,77.5577315,Moderate
4651,Vidyaranyapura,Oct-Dec,2024,4686.558622,7740.717378,6213.638,13.0766407,77.5577315,Moderate
4676,Vidyaranyapura Main Road,Jan-Mar,2024,4738.501781,8039.778219,6389.14,13.0757912,77.5577739,Moderate
4677,Vidyaranyapura Main Road,Apr-Jun,2024,4925.790501,8357.549499,6641.67,13.0757912,77.5577739,Moderate
4678,Vidyaranyapura Main Road,Jul-Sep,2024,4604.786104,7812.903896,6208.845,13.0757912,77.5577739,Moderate
4679,Vidyaranyapura Main Road,Oct-Dec,2024,4709.33271,7990.28729,6349.81,13.0757912,77.5577739,Moderate
4704,Vijaynagar,Jan-Mar,2024,5891.656362,8765.643638,7328.65,13.0002,77.5405,Moderate
4705,Vijaynagar,Apr-Jun,2024,6156.926207,9160.313793,7658.62,13.0002,77.5405,Moderate
4706,Vijaynagar,Jul-Sep,2024,6130.879163,9121.560837,7626.22,13.0002,77.5405,Moderate
4707,Vijaynagar,Oct-Dec,2024,6779.402314,10086.43769,8432.92,13.0002,77.5405,Moderate
4732,Vijaynagar Main Road,Jan-Mar,2024,6791.897375,12490.62493,9642.62,12.97577458,77.76174636,Moderate
4733,Vijaynagar Main Road,Apr-Jun,2024,6935.854929,12755.36977,9847.0,12.97577458,77.76174636,Moderate
4734,Vijaynagar Main Road,Jul-Sep,2024,6566.147166,12075.45947,9322.117,12.97577458,77.76174636,Moderate
4735,Vijaynagar Main Road,Oct-Dec,2024,7333.277233,13486.24844,10411.23,12.97577458,77.76174636,Moderate
4760,Vittal Mallya Road,Jan-Mar,2024,13138.36856,22683.34082,17901.33,12.9693151,77.594525,Moderate
4761,Vittal Mallya Road,Apr-Jun,2024,13301.2869,22964.61869,18123.31,12.9693151,77.594525,Moderate
4762,Vittal Mallya Road,Jul-Sep,2024,13575.21132,23437.5481,18496.53833,12.9693151,77.594525,Moderate
4763,Vittal Mallya Road,Oct-Dec,2024,12000.47221,20718.76732,16350.92,12.9693151,77.594525,Moderate
4788,Viviani Road,Jan-Mar,2024,9306.4407,14872.64757,12088.67,13.003656,77.6156626,Moderate
4789,Viviani Road,Apr-Jun,2024,9436.237105,15080.07555,12257.27,13.003656,77.6156626,Moderate
4790,Viviani Road,Jul-Sep,2024,9493.652382,15171.83106,12331.85,13.003656,77.6156626,Moderate
4791,Viviani Road,Oct-Dec,2024,9390.785267,15007.43885,12198.23,13.003656,77.6156626,Moderate
4816,Whitefield,Jan-Mar,2024,7793.949259,13462.40151,11218.96,12.9716,77.7497,Moderate
4817,Whitefield,Apr-Jun,2024,7973.664378,13772.82143,11477.65,12.9716,77.7497,Moderate
4818,Whitefield,Jul-Sep,2024,8014.714927,13843.72758,11536.74,12.9716,77.7497,Moderate
4819,Whitefield,Oct-Dec,2024,7772.406231,13425.19048,11187.95,12.9716,77.7497,Moderate
4844,Whitefield Main Road,Jan-Mar,2024,6177.249737,11230.68839,8665.27,12.9838204,77.7525125,Moderate
4845,Whitefield Main Road,Apr-Jun,2024,6331.309038,11510.77939,8881.38,12.9838204,77.7525125,Moderate
4846,Whitefield Main Road,Jul-Sep,2024,6593.72407,11987.86896,9249.488333,12.9838204,77.7525125,Moderate
4847,Whitefield Main Road,Oct-Dec,2024,6623.338063,12041.70935,9291.03,12.9838204,77.7525125,Moderate
4872,Yelahanka,Jan-Mar,2024,5033.857011,7880.079475,6456.99,13.1006982,77.5963454,Moderate
4873,Yelahanka,Apr-Jun,2024,5145.292761,8054.522762,6599.93,13.1006982,77.5963454,Moderate
4874,Yelahanka,Jul-Sep,2024,5181.949463,8111.905743,6646.95,13.1006982,77.5963454,Moderate
4875,Yelahanka,Oct-Dec,2024,5230.806874,8188.387909,6709.62,13.1006982,77.5963454,Moderate
4900,Yelahanka Airforce Base,Jan-Mar,2024,5632.165908,7895.93925,6763.88,13.1294,77.595,Moderate
4901,Yelahanka Airforce Base,Apr-Jun,2024,5681.677222,7965.35097,6823.34,13.1294,77.595,Moderate
4902,Yelahanka Airforce Base,Jul-Sep,2024,5669.245269,7947.922161,6808.41,13.1294,77.595,Moderate
4903,Yelahanka Airforce Base,Oct-Dec,2024,5712.628038,8008.742051,6860.51,13.1294,77.595,Moderate
4928,Yelahanka New Town,Jan-Mar,2024,5139.962715,7640.869317,6390.35,13.0978039,77.5811889,Moderate
4929,Yelahanka New Town,Apr-Jun,2024,5202.330614,7733.58302,6467.89,13.0978039,77.5811889,Moderate
4930,Yelahanka New Town,Jul-Sep,2024,5276.224591,7843.430941,6559.76,13.0978039,77.5811889,Moderate
4931,Yelahanka New Town,Oct-Dec,2024,5389.820393,8012.298057,6700.99,13.0978039,77.5811889,Moderate
4956,Yeswanthpur,Jan-Mar,2024,7681.570877,12200.94512,9941.258,13.02383,77.5529215,Moderate
4957,Yeswanthpur,Apr-Jun,2024,7721.040191,12263.63581,9992.338,13.02383,77.5529215,Moderate
4958,Yeswanthpur,Jul-Sep,2024,7726.376774,12272.11212,9999.244444,13.02383,77.5529215,Moderate
4959,Yeswanthpur,Oct-Dec,2024,7398.174552,11750.81545,9574.495,13.02383,77.5529215,Moderate
