Locality,Quarter,Price Range,Average Price,Q-o-Q,Growth Type,City,Type
Amrapali Silicon City,Oct-Dec 2024,"7,547-9,639","8,593",4%,,,
Amrapali Silicon City,Jul-Sep 2024,"7,204-9,378","8,291",8%,,,
Amrapali Silicon City,Apr-Jun 2024,"6,683-8,675","7,679",10%,,,
Amrapali Silicon City,Jan-Mar 2024,"6,303-7,669","6,986",4%,,,
Amrapali Silicon City,Oct-Dec 2023,"5,917-7,519","6,718",4%,,,
Amrapali Silicon City,Jul-Sep 2023,"5,647-7,287","6,467",7%,,,
Amrapali Silicon City,Apr-Jun 2023,"5,354-6,685","6,019",4%,,,
Amrapali Silicon City,Jan-Mar 2023,"5,023-6,531","5,777",2%,,,
Amrapali Silicon City,Oct-Dec 2022,"5,099-6,185","5,642",1%,,,
Amrapali Silicon City,Jul-Sep 2022,"4,911-6,216","5,564",2%,,,
Amrapali Silicon City,Apr-Jun 2022,"4,810-6,100","5,457",2%,,,
Amrapali Silicon City,Jan-Mar 2022,"4,700-5,980","5,338",3%,,,
Amrapali Silicon City,Oct-Dec 2021,"4,550-5,850","5,184",3%,,,
Amrapali Silicon City,Jul-Sep 2021,"4,420-5,720","5,070",2%,,,
Amrapali Silicon City,Apr-Jun 2021,"4,350-5,630","4,990",1%,,,
Amrapali Silicon City,Jan-Mar 2021,"4,280-5,550","4,925",2%,,,
Amrapali Silicon City,Oct-Dec 2020,"4,190-5,430","4,810",1%,,,
Amrapali Silicon City,Jul-Sep 2020,"4,150-5,390","4,770",2%,,,
Amrapali Silicon City,Apr-Jun 2020,"4,090-5,320","4,700",1%,,,
Amrapali Silicon City,Jan-Mar 2020,"4,050-5,270","4,660",2%,,,
Amrapali Silicon City,Oct-Dec 2019,"3,970-5,190","4,580",2%,,,
Amrapali Silicon City,Jul-Sep 2019,"3,920-5,130","4,520",1%,,,
Amrapali Silicon City,Apr-Jun 2019,"3,880-5,080","4,480",1%,,,
Amrapali Silicon City,Jan-Mar 2019,"3,850-5,050","4,450",1%,,,
Amrapali Silicon City,Oct-Dec 2018,"3,800-5,000","4,400",2%,,,
Amrapali Silicon City,Jul-Sep 2018,"3,720-4,900","4,310",2%,,,
,,,,,,,
Bandh Road,Oct-Dec 2024,"7,400-14,573","10,987",1%,,,
Bandh Road,Jul-Sep 2024,"7,300-14,386","10,843",5%,,,
Bandh Road,Apr-Jun 2024,"7,875-14,954","11,415",6%,,,
Bandh Road,Jan-Mar 2024,"7,400-14,573","10,765",5%,,,
Bandh Road,Oct-Dec 2023,"7,050-14,000","10,250",4%,,,
Bandh Road,Jul-Sep 2023,"6,850-13,675","9,860",4%,,,
Bandh Road,Apr-Jun 2023,"6,650-13,280","9,480",5%,,,
Bandh Road,Jan-Mar 2023,"6,350-12,900","9,030",5%,,,
Bandh Road,Oct-Dec 2022,"6,200-12,650","8,730",3%,,,
Bandh Road,Jul-Sep 2022,"6,000-12,350","8,480",3%,,,
Bandh Road,Apr-Jun 2022,"5,850-12,000","8,190",4%,,,
Bandh Road,Jan-Mar 2022,"5,600-11,750","7,890",4%,,,
Bandh Road,Oct-Dec 2021,"5,450-11,500","7,590",3%,,,
Bandh Road,Jul-Sep 2021,"5,300-11,250","7,350",3%,,,
Bandh Road,Apr-Jun 2021,"5,200-11,000","7,130",2%,,,
Bandh Road,Jan-Mar 2021,"5,100-10,800","6,980",2%,,,
Bandh Road,Oct-Dec 2020,"5,000-10,600","6,850",1%,,,
Bandh Road,Jul-Sep 2020,"4,950-10,400","6,750",1%,,,
Bandh Road,Apr-Jun 2020,"4,900-10,250","6,700",1%,,,
Bandh Road,Jan-Mar 2020,"4,850-10,100","6,650",1%,,,
Bandh Road,Oct-Dec 2019,"4,800-10,000","6,600",1%,,,
Bandh Road,Jul-Sep 2019,"4,750-9,900","6,550",1%,,,
Bandh Road,Apr-Jun 2019,"4,700-9,800","6,500",1%,,,
Bandh Road,Jan-Mar 2019,"4,650-9,700","6,450",1%,,,
Bandh Road,Oct-Dec 2018,"4,600-9,600","6,400",1%,,,
Bandh Road,Jul-Sep 2018,"4,550-9,500","6,350",1%,,,
,,,,,,,
Block A Sector 43,Oct-Dec 2024,"15,889-19,430","17,660",4%,,,
Block A Sector 43,Jul-Sep 2024,"15,354-18,537","16,945",2%,,,
Block A Sector 43,Apr-Jun 2024,"14,884-18,415","16,649",8%,,,
Block A Sector 43,Jan-Mar 2024,"13,757-16,998","15,377",2%,,,
Block A Sector 43,Oct-Dec 2023,"13,525-16,601","15,063",4%,,,
Block A Sector 43,Jul-Sep 2023,"12,990-16,120","14,555",3%,,,
Block A Sector 43,Apr-Jun 2023,"12,580-15,675","14,135",6%,,,
Block A Sector 43,Jan-Mar 2023,"12,160-15,200","13,690",3%,,,
Block A Sector 43,Oct-Dec 2022,"11,313-15,377","13,345",4%,,,
Block A Sector 43,Jul-Sep 2022,"10,615-15,039","12,827",5%,,,
Block A Sector 43,Apr-Jun 2022,"10,200-14,500","12,250",4%,,,
Block A Sector 43,Jan-Mar 2022,"9,705-13,758","11,731",12%,,,
Block A Sector 43,Oct-Dec 2021,"9,073-11,866","10,470",1%,,,
Block A Sector 43,Jul-Sep 2021,"9,250-11,423","10,336",3%,,,
Block A Sector 43,Apr-Jun 2021,"8,950-10,950","9,950",4%,,,
Block A Sector 43,Jan-Mar 2021,"8,600-10,600","9,600",2%,,,
Block A Sector 43,Oct-Dec 2020,"8,300-10,300","9,300",2%,,,
Block A Sector 43,Jul-Sep 2020,"8,100-10,050","9,075",1%,,,
Block A Sector 43,Apr-Jun 2020,"8,000-9,900","8,950",1%,,,
Block A Sector 43,Jan-Mar 2020,"7,850-9,750","8,800",1%,,,
Block A Sector 43,Oct-Dec 2019,"7,600-9,500","8,550",2%,,,
Block A Sector 43,Jul-Sep 2019,"7,450-9,250","8,350",1%,,,
Block A Sector 43,Apr-Jun 2019,"7,300-9,000","8,150",2%,,,
Block A Sector 43,Jan-Mar 2019,"7,100-8,800","7,950",2%,,,
Block A Sector 43,Oct-Dec 2018,"6,900-8,600","7,750",2%,,,
Block A Sector 43,Jul-Sep 2018,"6,700-8,400","7,550",2%,,,
,,,,,,,
Dadri Main Road,Oct-Dec 2024,"5,971-10,367","8,169",5%,,,
Dadri Main Road,Jul-Sep 2024,"5,750-10,000","7,780",6%,,,
Dadri Main Road,Apr-Jun 2024,"5,500-9,600","7,340",7%,,,
Dadri Main Road,Jan-Mar 2024,"5,200-9,100","6,860",5%,,,
Dadri Main Road,Oct-Dec 2023,"4,980-8,750","6,535",6%,,,
Dadri Main Road,Jul-Sep 2023,"4,700-8,350","6,170",4%,,,
Dadri Main Road,Apr-Jun 2023,"4,550-7,950","5,935",2%,,,
Dadri Main Road,Jan-Mar 2023,"4,480-7,800","5,820",1%,,,
Dadri Main Road,Oct-Dec 2022,"4,450-7,600","5,750",0.50%,,,
Dadri Main Road,Jul-Sep 2022,"4,420-7,500","5,720",1%,,,
Dadri Main Road,Apr-Jun 2022,"4,380-7,400","5,665",2%,,,
Dadri Main Road,Jan-Mar 2022,"4,320-7,200","5,555",3%,,,
Dadri Main Road,Oct-Dec 2021,"4,509-7,087","5,798",0.30%,,,
Dadri Main Road,Jul-Sep 2021,"4,588-7,042","5,815",2%,,,
Dadri Main Road,Apr-Jun 2021,"4,593-6,817","5,705",1%,,,
Dadri Main Road,Jan-Mar 2021,"4,555-6,711","5,633",2%,,,
Dadri Main Road,Oct-Dec 2020,"4,484-6,569","5,526",2%,,,
Dadri Main Road,Jul-Sep 2020,"4,491-6,810","5,650",0.40%,,,
Dadri Main Road,Apr-Jun 2020,"4,555-6,794","5,674",1%,,,
Dadri Main Road,Jan-Mar 2020,"4,470-6,700","5,585",2%,,,
Dadri Main Road,Oct-Dec 2019,"4,420-6,620","5,520",1%,,,
Dadri Main Road,Jul-Sep 2019,"4,361-6,560","5,460",2%,,,
Dadri Main Road,Apr-Jun 2019,"4,320-6,450","5,385",1%,,,
Dadri Main Road,Jan-Mar 2019,"4,315-6,387","5,351",2%,,,
Dadri Main Road,Oct-Dec 2018,"4,250-6,250","5,250",2%,,,
Dadri Main Road,Jul-Sep 2018,"4,200-6,100","5,150",2%,,,
,,,,,,,
F Block Sector 50,Oct-Dec 2024,"9,068-15,451","12,260",5%,,,
F Block Sector 50,Jul-Sep 2024,"8,700-14,900","11,675",6%,,,
F Block Sector 50,Apr-Jun 2024,"8,200-14,300","11,025",7%,,,
F Block Sector 50,Jan-Mar 2024,"7,750-13,800","10,300",5%,,,
F Block Sector 50,Oct-Dec 2023,"7,350-13,100","9,810",6%,,,
F Block Sector 50,Jul-Sep 2023,"7,000-12,600","9,255",4%,,,
F Block Sector 50,Apr-Jun 2023,"6,700-12,200","8,900",3%,,,
F Block Sector 50,Jan-Mar 2023,"6,286-10,723","8,504",4%,,,
F Block Sector 50,Oct-Dec 2022,"6,787-11,021","8,904",3%,,,
F Block Sector 50,Jul-Sep 2022,"6,456-10,816","8,636",2%,,,
F Block Sector 50,Apr-Jun 2022,"6,300-10,450","8,350",2%,,,
F Block Sector 50,Jan-Mar 2022,"5,066-9,187","7,126",6%,,,
F Block Sector 50,Oct-Dec 2021,"5,208-8,282","6,745",1%,,,
F Block Sector 50,Jul-Sep 2021,"5,419-7,930","6,675",1%,,,
F Block Sector 50,Apr-Jun 2021,"5,350-7,850","6,600",0.50%,,,
F Block Sector 50,Jan-Mar 2021,"5,003-8,280","6,642",2%,,,
F Block Sector 50,Oct-Dec 2020,"5,248-7,736","6,492",1%,,,
F Block Sector 50,Jul-Sep 2020,"5,150-7,600","6,375",2%,,,
F Block Sector 50,Apr-Jun 2020,"5,050-7,500","6,275",1%,,,
F Block Sector 50,Jan-Mar 2020,"4,989-7,493","6,241",1%,,,
F Block Sector 50,Oct-Dec 2019,"5,141-7,175","6,158",3%,,,
F Block Sector 50,Jul-Sep 2019,"5,447-7,280","6,363",1%,,,
F Block Sector 50,Apr-Jun 2019,"5,370-7,468","6,419",2%,,,
F Block Sector 50,Jan-Mar 2019,"5,267-7,846","6,557",7%,,,
F Block Sector 50,Oct-Dec 2018,"5,284-8,800","7,042",6%,,,
F Block Sector 50,Jul-Sep 2018,"5,300-7,944","6,622",1%,,,
,,,,,,,
Jaypee Wishtown Internal Road,Oct-Dec 2024,"6,658-9,289","7,974",3%,,,
Jaypee Wishtown Internal Road,Jul-Sep 2024,"6,493-9,048","7,771",11%,,,
Jaypee Wishtown Internal Road,Apr-Jun 2024,"5,528-8,454","6,991",9%,,,
Jaypee Wishtown Internal Road,Jan-Mar 2024,"5,100-7,900","6,420",8%,,,
Jaypee Wishtown Internal Road,Oct-Dec 2023,"4,564-7,270","5,917",7%,,,
Jaypee Wishtown Internal Road,Jul-Sep 2023,"4,300-7,100","5,530",5%,,,
Jaypee Wishtown Internal Road,Apr-Jun 2023,"4,100-6,850","5,270",6%,,,
Jaypee Wishtown Internal Road,Jan-Mar 2023,"3,900-6,500","4,975",5%,,,
Jaypee Wishtown Internal Road,Oct-Dec 2022,"3,700-6,100","4,735",4%,,,
Jaypee Wishtown Internal Road,Jul-Sep 2022,"3,500-5,900","4,550",3%,,,
Jaypee Wishtown Internal Road,Apr-Jun 2022,"3,400-5,700","4,420",2%,,,
Jaypee Wishtown Internal Road,Jan-Mar 2022,"3,300-5,500","4,330",2%,,,
Jaypee Wishtown Internal Road,Oct-Dec 2021,"3,200-5,400","4,250",2%,,,
Jaypee Wishtown Internal Road,Jul-Sep 2021,"3,150-5,300","4,180",1%,,,
Jaypee Wishtown Internal Road,Apr-Jun 2021,"3,100-5,200","4,140",1%,,,
Jaypee Wishtown Internal Road,Jan-Mar 2021,"3,050-5,100","4,100",1%,,,
Jaypee Wishtown Internal Road,Oct-Dec 2020,"3,000-5,000","4,060",1%,,,
Jaypee Wishtown Internal Road,Jul-Sep 2020,"2,980-4,950","4,020",1%,,,
Jaypee Wishtown Internal Road,Apr-Jun 2020,"2,960-4,900","4,000",0.50%,,,
Jaypee Wishtown Internal Road,Jan-Mar 2020,"2,940-4,850","3,980",0.50%,,,
Jaypee Wishtown Internal Road,Oct-Dec 2019,"2,920-4,800","3,960",0.50%,,,
Jaypee Wishtown Internal Road,Jul-Sep 2019,"2,900-4,750","3,940",0.50%,,,
Jaypee Wishtown Internal Road,Apr-Jun 2019,"2,880-4,700","3,920",0.50%,,,
Jaypee Wishtown Internal Road,Jan-Mar 2019,"2,860-4,650","3,900",0.50%,,,
Jaypee Wishtown Internal Road,Oct-Dec 2018,"2,840-4,600","3,880",0.50%,,,
Jaypee Wishtown Internal Road,Jul-Sep 2018,"2,820-4,550","3,860",0.50%,,,
,,,,,,,
Noida Extension,Oct-Dec 2024,"5,967-9,591","7,779",5%,,,
Noida Extension,Jul-Sep 2024,"5,762-9,093","7,427",6%,,,
Noida Extension,Apr-Jun 2024,"5,437-8,579","7,008",8%,,,
Noida Extension,Jan-Mar 2024,"5,060-7,956","6,508",6%,,,
Noida Extension,Oct-Dec 2023,"4,762-7,465","6,114",6%,,,
Noida Extension,Jul-Sep 2023,"4,488-7,067","5,778",7%,,,
Noida Extension,Apr-Jun 2023,"4,152-6,609","5,380",5%,,,
Noida Extension,Jan-Mar 2023,"4,000-6,216","5,108",4%,,,
Noida Extension,Oct-Dec 2022,"3,843-5,972","4,907",5%,,,
Noida Extension,Jul-Sep 2022,"3,706-5,678","4,692",4%,,,
Noida Extension,Apr-Jun 2022,"3,639-5,348","4,493",5%,,,
Noida Extension,Jan-Mar 2022,"3,483-5,104","4,294",9%,,,
Noida Extension,Oct-Dec 2021,"3,091-4,776","3,933",4%,,,
Noida Extension,Jul-Sep 2021,"3,332-4,825","4,078",3%,,,
Noida Extension,Apr-Jun 2021,"3,281-4,659","3,970",3%,,,
Noida Extension,Jan-Mar 2021,"3,229-4,463","3,846",2%,,,
Noida Extension,Oct-Dec 2020,"3,174-4,361","3,767",1%,,,
Noida Extension,Jul-Sep 2020,"3,159-4,317","3,738",1%,,,
Noida Extension,Apr-Jun 2020,"3,140-4,268","3,704",3%,,,
Noida Extension,Jan-Mar 2020,"3,043-4,160","3,602",1%,,,
Noida Extension,Oct-Dec 2019,"3,073-4,193","3,633",2%,,,
Noida Extension,Jul-Sep 2019,"2,981-4,142","3,562",1%,,,
Noida Extension,Apr-Jun 2019,"2,992-4,169","3,581",1%,,,
Noida Extension,Jan-Mar 2019,"2,947-4,120","3,534",4%,,,
Noida Extension,Oct-Dec 2018,"2,801-4,005","3,403",6%,,,
Noida Extension,Jul-Sep 2018,"3,029-4,236","3,633",1%,,,
,,,,,,,
Noida Greater Noida Expressway,Oct-Dec 2024,"8,792-15,645","12,219",1%,,,
Noida Greater Noida Expressway,Jul-Sep 2024,"8,617-15,519","12,068",13%,,,
Noida Greater Noida Expressway,Apr-Jun 2024,"7,568-13,809","10,689",8%,,,
Noida Greater Noida Expressway,Jan-Mar 2024,"7,004-12,783","9,894",11%,,,
Noida Greater Noida Expressway,Oct-Dec 2023,"6,170-11,653","8,912",8%,,,
Noida Greater Noida Expressway,Jul-Sep 2023,"5,919-10,532","8,225",10%,,,
Noida Greater Noida Expressway,Apr-Jun 2023,"5,356-9,536","7,446",10%,,,
Noida Greater Noida Expressway,Jan-Mar 2023,"4,875-8,695","6,785",2%,,,
Noida Greater Noida Expressway,Oct-Dec 2022,"4,768-8,483","6,625",11%,,,
Noida Greater Noida Expressway,Jul-Sep 2022,"4,368-7,595","5,981",4%,,,
Noida Greater Noida Expressway,Apr-Jun 2022,"4,251-7,282","5,766",6%,,,
Noida Greater Noida Expressway,Jan-Mar 2022,"4,074-6,838","5,456",2%,,,
Noida Greater Noida Expressway,Oct-Dec 2021,"4,022-6,728","5,375",1%,,,
Noida Greater Noida Expressway,Jul-Sep 2021,"4,020-6,719","5,370",1%,,,
Noida Greater Noida Expressway,Apr-Jun 2021,"3,958-6,645","5,302",1%,,,
Noida Greater Noida Expressway,Jan-Mar 2021,"3,927-6,547","5,237",1%,,,
Noida Greater Noida Expressway,Oct-Dec 2020,"3,918-6,457","5,188",1%,,,
Noida Greater Noida Expressway,Jul-Sep 2020,"3,891-6,338","5,114",1%,,,
Noida Greater Noida Expressway,Apr-Jun 2020,"3,880-6,271","5,076",3%,,,
Noida Greater Noida Expressway,Jan-Mar 2020,"3,839-6,032","4,936",4%,,,
Noida Greater Noida Expressway,Oct-Dec 2019,"3,918-6,371","5,144",0.20%,,,
Noida Greater Noida Expressway,Jul-Sep 2019,"3,941-6,331","5,136",1%,,,
Noida Greater Noida Expressway,Apr-Jun 2019,"3,935-6,237","5,086",1%,,,
Noida Greater Noida Expressway,Jan-Mar 2019,"3,939-6,165","5,052",0.50%,,,
Noida Greater Noida Expressway,Oct-Dec 2018,"3,928-6,187","5,057",1%,,,
Noida Greater Noida Expressway,Jul-Sep 2018,"3,869-6,126","4,997",0.40%,,,
,,,,,,,
Sector 10 Noida Extension,Oct-Dec 2024,"7,096-11,207","9,151",2%,,,
Sector 10 Noida Extension,Jul-Sep 2024,"6,784-11,195","8,989",9%,,,
Sector 10 Noida Extension,Apr-Jun 2024,"6,151-10,361","8,256",11%,,,
Sector 10 Noida Extension,Jan-Mar 2024,"5,633-9,192","7,413",5%,,,
Sector 10 Noida Extension,Oct-Dec 2023,"5,394-8,685","7,040",7%,,,
Sector 10 Noida Extension,Jul-Sep 2023,"5,040-8,142","6,580",8%,,,
Sector 10 Noida Extension,Apr-Jun 2023,"4,670-7,540","6,095",5%,,,
Sector 10 Noida Extension,Jan-Mar 2023,"4,445-7,201","5,785",6%,,,
Sector 10 Noida Extension,Oct-Dec 2022,"4,200-6,857","5,440",5%,,,
Sector 10 Noida Extension,Jul-Sep 2022,"3,980-6,530","5,180",6%,,,
Sector 10 Noida Extension,Apr-Jun 2022,"3,745-6,120","4,865",5%,,,
Sector 10 Noida Extension,Jan-Mar 2022,"3,562-5,820","4,620",4%,,,
Sector 10 Noida Extension,Oct-Dec 2021,"3,458-5,606","4,440",3%,,,
Sector 10 Noida Extension,Jul-Sep 2021,"3,370-5,405","4,265",3%,,,
Sector 10 Noida Extension,Apr-Jun 2021,"3,289-5,231","4,085",2%,,,
Sector 10 Noida Extension,Jan-Mar 2021,"3,233-5,090","3,995",1.50%,,,
Sector 10 Noida Extension,Oct-Dec 2020,"3,200-4,985","3,930",1.20%,,,
Sector 10 Noida Extension,Jul-Sep 2020,"3,180-4,920","3,880",1.50%,,,
Sector 10 Noida Extension,Apr-Jun 2020,"3,150-4,865","3,825",1.20%,,,
Sector 10 Noida Extension,Jan-Mar 2020,"3,140-4,832","3,790",0.90%,,,
Sector 10 Noida Extension,Oct-Dec 2019,"3,125-4,800","3,765",0.80%,,,
Sector 10 Noida Extension,Jul-Sep 2019,"3,100-4,750","3,730",1%,,,
Sector 10 Noida Extension,Apr-Jun 2019,"3,075-4,700","3,700",1.20%,,,
Sector 10 Noida Extension,Jan-Mar 2019,"3,050-4,650","3,670",1%,,,
Sector 10 Noida Extension,Oct-Dec 2018,"3,025-4,600","3,640",1.30%,,,
Sector 10 Noida Extension,Jul-Sep 2018,"3,000-4,550","3,610",1.20%,,,
,,,,,,,
Sector 100,Oct-Dec 2024,"9,745-14,431","12,088",7%,,,
Sector 100,Jul-Sep 2024,"8,982-13,518","11,250",10%,,,
Sector 100,Apr-Jun 2024,"7,955-12,591","10,273",5%,,,
Sector 100,Jan-Mar 2024,"7,821-11,698","9,759",8%,,,
Sector 100,Oct-Dec 2023,"6,842-11,173","9,007",5%,,,
Sector 100,Jul-Sep 2023,"6,618-10,505","8,561",7%,,,
Sector 100,Apr-Jun 2023,"6,506-9,527","8,016",9%,,,
Sector 100,Jan-Mar 2023,"5,978-8,688","7,333",6%,,,
Sector 100,Oct-Dec 2022,"5,594-8,298","6,946",1%,,,
Sector 100,Jul-Sep 2022,"5,439-8,295","6,867",8%,,,
Sector 100,Apr-Jun 2022,"5,241-7,453","6,347",3%,,,
Sector 100,Jan-Mar 2022,"5,060-7,150","6,165",4%,,,
Sector 100,Oct-Dec 2021,"4,950-6,980","5,930",4%,,,
Sector 100,Jul-Sep 2021,"4,820-6,710","5,765",3%,,,
Sector 100,Apr-Jun 2021,"4,700-6,520","5,600",2%,,,
Sector 100,Jan-Mar 2021,"4,630-6,390","5,510",2%,,,
Sector 100,Oct-Dec 2020,"4,560-6,300","5,430",2%,,,
Sector 100,Jul-Sep 2020,"4,510-6,210","5,360",2%,,,
Sector 100,Apr-Jun 2020,"4,470-6,110","5,290",1.00%,,,
Sector 100,Jan-Mar 2020,"4,430-6,050","5,250",1%,,,
Sector 100,Oct-Dec 2019,"4,390-6,000","5,210",1%,,,
Sector 100,Jul-Sep 2019,"4,350-5,960","5,180",1%,,,
Sector 100,Apr-Jun 2019,"4,320-5,900","5,140",1.00%,,,
Sector 100,Jan-Mar 2019,"4,300-5,860","5,100",1%,,,
Sector 100,Oct-Dec 2018,"4,270-5,810","5,060",1%,,,
Sector 100,Jul-Sep 2018,"4,250-5,780","5,030",0.80%,,,
,,,,,,,
Sector 104,Oct-Dec 2024,"14,580-20,397","17,488",3%,,,
Sector 104,Jul-Sep 2024,"13,900-19,976","16,938",1%,,,
Sector 104,Apr-Jun 2024,"14,184-19,237","16,710",8%,,,
Sector 104,Jan-Mar 2024,"12,921-18,094","15,507",9%,,,
Sector 104,Oct-Dec 2023,"12,176-16,344","14,260",18%,,,
Sector 104,Jul-Sep 2023,"9,952-14,275","12,114",4%,,,
Sector 104,Apr-Jun 2023,"9,743-13,484","11,613",3%,,,
Sector 104,Jan-Mar 2023,"9,642-12,912","11,277",2%,,,
Sector 104,Oct-Dec 2022,"9,509-12,518","11,014",4%,,,
Sector 104,Jul-Sep 2022,"8,944-12,199","10,572",3%,,,
Sector 104,Apr-Jun 2022,"8,330-12,148","10,239",2%,,,
Sector 104,Jan-Mar 2022,"8,449-12,498","10,474",4%,,,
Sector 104,Oct-Dec 2021,"7,971-12,122","10,047",8%,,,
Sector 104,Jul-Sep 2021,"7,855-10,695","9,275",2%,,,
Sector 104,Apr-Jun 2021,"7,588-10,573","9,080",0.30%,,,
Sector 104,Jan-Mar 2021,"7,567-10,548","9,057",2%,,,
Sector 104,Oct-Dec 2020,"7,467-10,264","8,865",4%,,,
Sector 104,Jul-Sep 2020,"7,295-9,800","8,547",0.50%,,,
Sector 104,Apr-Jun 2020,"7,278-9,896","8,587",0.30%,,,
Sector 104,Jan-Mar 2020,"7,357-9,870","8,614",0.10%,,,
Sector 104,Oct-Dec 2019,"7,443-9,804","8,623",2%,,,
Sector 104,Jul-Sep 2019,"7,574-9,960","8,767",0.40%,,,
Sector 104,Apr-Jun 2019,"7,546-10,066","8,806",0.30%,,,
Sector 104,Jan-Mar 2019,"7,524-10,030","8,777",0.10%,,,
Sector 104,Oct-Dec 2018,"7,560-10,015","8,788",0.10%,,,
Sector 104,Jul-Sep 2018,"7,624-9,978","8,801",1%,,,
,,,,,,,
Sector 107,Oct-Dec 2024,"5,081-10,295","7,688",56%,,,
Sector 107,Jul-Sep 2024,"13,331-21,396","17,363",8%,,,
Sector 107,Apr-Jun 2024,"12,441-19,810","16,125",11%,,,
Sector 107,Jan-Mar 2024,"11,054-17,941","14,498",9%,,,
Sector 107,Oct-Dec 2023,"9,963-16,567","13,265",6%,,,
Sector 107,Jul-Sep 2023,"9,551-15,478","12,515",5%,,,
Sector 107,Apr-Jun 2023,"8,814-14,912","11,863",15%,,,
Sector 107,Jan-Mar 2023,"7,609-13,052","10,330",2%,,,
Sector 107,Oct-Dec 2022,"7,436-12,746","10,091",24%,,,
Sector 107,Jul-Sep 2022,"5,842-10,400","8,121",7%,,,
Sector 107,Apr-Jun 2022,"5,541-9,647","7,594",2%,,,
Sector 107,Jan-Mar 2022,"5,399-9,462","7,430",5%,,,
Sector 107,Oct-Dec 2021,"5,171-8,960","7,066",8%,,,
Sector 107,Jul-Sep 2021,"5,120-8,007","6,563",4%,,,
Sector 107,Apr-Jun 2021,"5,048-7,543","6,295",2%,,,
Sector 107,Jan-Mar 2021,"5,015-7,855","6,435",1%,,,
Sector 107,Oct-Dec 2020,"5,039-7,995","6,517",1%,,,
Sector 107,Jul-Sep 2020,"5,093-7,861","6,477",2%,,,
Sector 107,Apr-Jun 2020,"5,150-8,068","6,609",7%,,,
Sector 107,Jan-Mar 2020,"5,355-8,866","7,110",9%,,,
Sector 107,Oct-Dec 2019,"5,114-7,902","6,508",2%,,,
Sector 107,Jul-Sep 2019,"5,112-8,126","6,619",2%,,,
Sector 107,Apr-Jun 2019,"4,964-8,057","6,510",2%,,,
Sector 107,Jan-Mar 2019,"4,976-7,780","6,378",4%,,,
Sector 107,Oct-Dec 2018,"5,094-8,210","6,652",8%,,,
Sector 107,Jul-Sep 2018,"4,897-7,434","6,166",3%,,,
,,,,,,,
Sector 108,Oct-Dec 2024,"11,416-16,852","14,134",1%,,,
Sector 108,Jul-Sep 2024,"11,455-16,567","14,011",5%,,,
Sector 108,Apr-Jun 2024,"10,846-15,870","13,358",2%,,,
Sector 108,Jan-Mar 2024,"10,766-15,499","13,132",11%,,,
Sector 108,Oct-Dec 2023,"9,188-14,506","11,847",3%,,,
Sector 108,Jul-Sep 2023,"9,783-13,308","11,545",19%,,,
Sector 108,Apr-Jun 2023,"7,334-12,100","9,717",9%,,,
Sector 108,Jan-Mar 2023,"7,067-10,735","8,901",1%,,,
Sector 108,Oct-Dec 2022,"7,173-10,378","8,775",12%,,,
Sector 108,Jul-Sep 2022,"6,162-9,533","7,848",7%,,,
Sector 108,Apr-Jun 2022,"6,110-8,539","7,324",3%,,,
Sector 108,Jan-Mar 2022,"5,951-8,301","7,126",1%,,,
Sector 108,Oct-Dec 2021,"5,872-8,262","7,067",2%,,,
Sector 108,Jul-Sep 2021,"5,779-8,076","6,928",2%,,,
Sector 108,Apr-Jun 2021,"5,726-7,905","6,816",3%,,,
Sector 108,Jan-Mar 2021,"5,569-7,682","6,625",2%,,,
Sector 108,Oct-Dec 2020,"5,554-7,450","6,502",2%,,,
Sector 108,Jul-Sep 2020,"5,345-7,357","6,351",0.30%,,,
Sector 108,Apr-Jun 2020,"5,360-7,376","6,368",1%,,,
Sector 108,Jan-Mar 2020,"5,543-7,322","6,432",0.50%,,,
Sector 108,Oct-Dec 2019,"5,645-7,159","6,402",1%,,,
Sector 108,Jul-Sep 2019,"5,592-7,225","6,408",2%,,,
Sector 108,Apr-Jun 2019,"5,389-7,220","6,304",17%,,,
Sector 108,Jan-Mar 2019,"4,421-6,373","5,397",0.30%,,,
Sector 108,Oct-Dec 2018,"4,780-6,047","5,413",2%,,,
Sector 108,Jul-Sep 2018,"4,686-5,927","5,306",1%,,,
,,,,,,,
Sector 110,Oct-Dec 2024,"7,830-10,933","9,382",3%,,,
Sector 110,Jul-Sep 2024,"7,191-10,953","9,072",1%,,,
Sector 110,Apr-Jun 2024,"7,159-10,871","9,015",9%,,,
Sector 110,Jan-Mar 2024,"6,323-10,182","8,252",18%,,,
Sector 110,Oct-Dec 2023,"5,528-8,506","7,017",5%,,,
Sector 110,Jul-Sep 2023,"5,279-8,041","6,660",5%,,,
Sector 110,Apr-Jun 2023,"5,188-7,495","6,342",3%,,,
Sector 110,Jan-Mar 2023,"5,060-7,291","6,176",7%,,,
Sector 110,Oct-Dec 2022,"4,752-6,770","5,761",4%,,,
Sector 110,Jul-Sep 2022,"4,404-6,626","5,515",6%,,,
Sector 110,Apr-Jun 2022,"4,274-6,159","5,216",3%,,,
Sector 110,Jan-Mar 2022,"4,436-6,370","5,403",2%,,,
Sector 110,Oct-Dec 2021,"4,320-6,285","5,302",7%,,,
Sector 110,Jul-Sep 2021,"4,253-5,688","4,970",0.20%,,,
Sector 110,Apr-Jun 2021,"4,185-5,737","4,961",3%,,,
Sector 110,Jan-Mar 2021,"4,185-5,411","4,798",2%,,,
Sector 110,Oct-Dec 2020,"4,182-5,631","4,907",1%,,,
Sector 110,Jul-Sep 2020,"4,108-5,713","4,910",1%,,,
Sector 110,Apr-Jun 2020,"4,050-5,700","4,850",4%,,,
Sector 110,Jan-Mar 2020,"4,118-5,232","4,675",4%,,,
Sector 110,Oct-Dec 2019,"4,231-5,550","4,890",1%,,,
Sector 110,Jul-Sep 2019,"4,294-5,622","4,958",2%,,,
Sector 110,Apr-Jun 2019,"4,453-5,669","5,061",0.30%,,,
Sector 110,Jan-Mar 2019,"4,514-5,574","5,044",2%,,,
Sector 110,Oct-Dec 2018,"4,368-5,533","4,950",1%,,,
Sector 110,Jul-Sep 2018,"4,260-5,587","4,924",1%,,,
,,,,,,,
Sector 115,Oct-Dec 2024,"12,093-16,972","14,532",2%,,,
Sector 115,Jul-Sep 2024,"11,823-16,561","14,192",4%,,,
Sector 115,Apr-Jun 2024,"11,680-15,625","13,653",1%,,,
Sector 115,Jan-Mar 2024,"11,705-15,329","13,517",7%,,,
Sector 115,Oct-Dec 2023,"11,293-13,876","12,584",5%,,,
Sector 115,Jul-Sep 2023,"10,747-13,215","11,985",7%,,,
Sector 115,Apr-Jun 2023,"10,316-12,625","11,203",6%,,,
Sector 115,Jan-Mar 2023,"9,698-11,800","10,571",9%,,,
Sector 115,Oct-Dec 2022,"8,624-11,248","9,699",6%,,,
Sector 115,Jul-Sep 2022,"7,985-10,785","9,154",5%,,,
Sector 115,Apr-Jun 2022,"7,580-10,200","8,718",3%,,,
Sector 115,Jan-Mar 2022,"7,384-9,789","8,464",2%,,,
Sector 115,Oct-Dec 2021,"7,189-9,625","8,299",3%,,,
Sector 115,Jul-Sep 2021,"7,025-9,350","8,056",4%,,,
Sector 115,Apr-Jun 2021,"6,750-9,015","7,742",5%,,,
Sector 115,Jan-Mar 2021,"6,300-8,580","7,373",2%,,,
Sector 115,Oct-Dec 2020,"6,225-8,520","7,232",1%,,,
Sector 115,Jul-Sep 2020,"6,150-8,320","7,159",2%,,,
Sector 115,Apr-Jun 2020,"6,000-8,010","6,950",3%,,,
Sector 115,Jan-Mar 2020,"5,820-7,750","6,745",5%,,,
Sector 115,Oct-Dec 2019,"5,500-7,250","6,425",6%,,,
Sector 115,Jul-Sep 2019,"5,100-7,000","6,060",4%,,,
Sector 115,Apr-Jun 2019,"4,875-6,750","5,825",3%,,,
Sector 115,Jan-Mar 2019,"4,700-6,500","5,650",2%,,,
Sector 115,Oct-Dec 2018,"4,600-6,400","5,540",1%,,,
Sector 115,Jul-Sep 2018,"4,550-6,300","5,480",1%,,,
,,,,,,,
Sector 119,Oct-Dec 2024,"5,965-9,565","7,765",12%,,,
Sector 119,Jul-Sep 2024,"5,216-8,603","6,909",10%,,,
Sector 119,Apr-Jun 2024,"4,665-7,910","6,287",6%,,,
Sector 119,Jan-Mar 2024,"4,543-7,333","5,938",2%,,,
Sector 119,Oct-Dec 2023,"4,498-7,147","5,823",1%,,,
Sector 119,Jul-Sep 2023,"4,512-6,969","5,740",9%,,,
Sector 119,Apr-Jun 2023,"4,407-6,107","5,257",3%,,,
Sector 119,Jan-Mar 2023,"4,253-6,004","5,128",1%,,,
Sector 119,Oct-Dec 2022,"4,234-5,952","5,093",4%,,,
Sector 119,Jul-Sep 2022,"4,167-5,605","4,886",1%,,,
Sector 119,Apr-Jun 2022,"4,112-5,586","4,849",2%,,,
Sector 119,Jan-Mar 2022,"4,080-5,462","4,771",2%,,,
Sector 119,Oct-Dec 2021,"4,188-5,576","4,882",0.40%,,,
Sector 119,Jul-Sep 2021,"4,131-5,592","4,862",1%,,,
Sector 119,Apr-Jun 2021,"4,167-5,557","4,862",1%,,,
Sector 119,Jan-Mar 2021,"4,178-5,599","4,889",1%,,,
Sector 119,Oct-Dec 2020,"4,134-5,575","4,855",2%,,,
Sector 119,Jul-Sep 2020,"4,170-5,695","4,932",2%,,,
Sector 119,Apr-Jun 2020,"4,156-5,556","4,856",1%,,,
Sector 119,Jan-Mar 2020,"4,176-5,451","4,813",1%,,,
Sector 119,Oct-Dec 2019,"4,183-5,390","4,786",1%,,,
Sector 119,Jul-Sep 2019,"4,140-5,333","4,736",1%,,,
Sector 119,Apr-Jun 2019,"4,154-5,418","4,786",1%,,,
Sector 119,Jan-Mar 2019,"3,989-5,510","4,750",0.30%,,,
Sector 119,Oct-Dec 2018,"4,067-5,402","4,735",0.40%,,,
Sector 119,Jul-Sep 2018,"4,119-5,314","4,717",0.50%,,,
,,,,,,,
Sector 120,Oct-Dec 2024,"6,114-10,114","8,114",8%,,,
Sector 120,Jul-Sep 2024,"5,699-9,393","7,546",1%,,,
Sector 120,Apr-Jun 2024,"5,732-9,195","7,463",8%,,,
Sector 120,Jan-Mar 2024,"5,276-8,574","6,925",12%,,,
Sector 120,Oct-Dec 2023,"5,073-7,277","6,175",6%,,,
Sector 120,Jul-Sep 2023,"4,689-6,984","5,836",6%,,,
Sector 120,Apr-Jun 2023,"4,532-6,477","5,505",4%,,,
Sector 120,Jan-Mar 2023,"4,355-6,232","5,293",0.30%,,,
Sector 120,Oct-Dec 2022,"4,373-6,243","5,308",1%,,,
Sector 120,Jul-Sep 2022,"4,378-6,100","5,239",1%,,,
Sector 120,Apr-Jun 2022,"4,425-5,940","5,182",3%,,,
Sector 120,Jan-Mar 2022,"4,290-5,798","5,044",3%,,,
Sector 120,Oct-Dec 2021,"4,147-5,686","4,916",0.20%,,,
Sector 120,Jul-Sep 2021,"4,150-5,662","4,906",1%,,,
Sector 120,Apr-Jun 2021,"4,098-5,636","4,867",1%,,,
Sector 120,Jan-Mar 2021,"3,989-5,616","4,802",3%,,,
Sector 120,Oct-Dec 2020,"4,156-5,718","4,937",2%,,,
Sector 120,Jul-Sep 2020,"4,438-5,608","5,023",2%,,,
Sector 120,Apr-Jun 2020,"4,262-5,546","4,904",1%,,,
Sector 120,Jan-Mar 2020,"4,352-5,557","4,954",1%,,,
Sector 120,Oct-Dec 2019,"4,402-5,651","5,026",,,,
Sector 120,Jul-Sep 2019,"4,449-5,604","5,027",1%,,,
Sector 120,Apr-Jun 2019,"4,406-5,505","4,956",1%,,,
Sector 120,Jan-Mar 2019,"4,415-5,445","4,930",2%,,,
Sector 120,Oct-Dec 2018,"4,281-5,735","5,008",3%,,,
Sector 120,Jul-Sep 2018,"4,022-5,686","4,854",2%,,,
,,,,,,,
Sector 121,Oct-Dec 2024,"14,340-20,358","17,349",6%,,,
Sector 121,Jul-Sep 2024,"13,545-19,333","16,439",7%,,,
Sector 121,Apr-Jun 2024,"12,754-18,053","15,403",2%,,,
Sector 121,Jan-Mar 2024,"13,001-17,232","15,116",5%,,,
Sector 121,Oct-Dec 2023,"12,671-16,229","14,450",8%,,,
Sector 121,Jul-Sep 2023,"11,664-15,196","13,430",3%,,,
Sector 121,Apr-Jun 2023,"11,249-14,741","12,995",5%,,,
Sector 121,Jan-Mar 2023,"10,640-14,136","12,388",10%,,,
Sector 121,Oct-Dec 2022,"9,200-13,283","11,242",7%,,,
Sector 121,Jul-Sep 2022,"8,740-12,361","10,550",8%,,,
Sector 121,Apr-Jun 2022,"8,110-11,463","9,786",4%,,,
Sector 121,Jan-Mar 2022,"7,916-10,978","9,447",8%,,,
Sector 121,Oct-Dec 2021,"7,020-10,510","8,765",11%,,,
Sector 121,Jul-Sep 2021,"6,100-9,676","7,888",7%,,,
Sector 121,Apr-Jun 2021,"5,592-9,143","7,367",2%,,,
Sector 121,Jan-Mar 2021,"5,668-8,807","7,237",2%,,,
Sector 121,Oct-Dec 2020,"5,573-8,667","7,120",2%,,,
Sector 121,Jul-Sep 2020,"5,468-8,518","6,993",3%,,,
Sector 121,Apr-Jun 2020,"5,205-8,344","6,775",3%,,,
Sector 121,Jan-Mar 2020,"5,462-8,440","6,951",2%,,,
Sector 121,Oct-Dec 2019,"5,382-8,251","6,817",,,,
Sector 121,Jul-Sep 2019,"5,400-8,225","6,812",1%,,,
Sector 121,Apr-Jun 2019,"5,353-8,159","6,756",3%,,,
Sector 121,Jan-Mar 2019,"5,264-7,901","6,583",4%,,,
Sector 121,Oct-Dec 2018,"5,084-7,517","6,301",2%,,,
Sector 121,Jul-Sep 2018,"5,159-7,177","6,168",3%,,,
,,,,,,,
Sector 128,Oct-Dec 2024,"10,494-17,694","14,094",0.40%,,,
Sector 128,Jul-Sep 2024,"10,548-17,537","14,043",4%,,,
Sector 128,Apr-Jun 2024,"10,296-16,710","13,503",7%,,,
Sector 128,Jan-Mar 2024,"9,469-15,785","12,627",4%,,,
Sector 128,Oct-Dec 2023,"9,266-14,922","12,094",6%,,,
Sector 128,Jul-Sep 2023,"8,576-14,218","11,397",7%,,,
Sector 128,Apr-Jun 2023,"7,964-13,388","10,676",9%,,,
Sector 128,Jan-Mar 2023,"7,384-12,192","9,788",4%,,,
Sector 128,Oct-Dec 2022,"7,185-11,682","9,433",5%,,,
Sector 128,Jul-Sep 2022,"6,894-11,126","9,010",11%,,,
Sector 128,Apr-Jun 2022,"6,072-10,230","8,151",15%,,,
Sector 128,Jan-Mar 2022,"5,082-9,106","7,094",5%,,,
Sector 128,Oct-Dec 2021,"4,807-8,736","6,772",2%,,,
Sector 128,Jul-Sep 2021,"4,762-8,503","6,632",3%,,,
Sector 128,Apr-Jun 2021,"4,656-8,223","6,439",5%,,,
Sector 128,Jan-Mar 2021,"4,479-7,730","6,105",4%,,,
Sector 128,Oct-Dec 2020,"4,433-7,331","5,882",2%,,,
Sector 128,Jul-Sep 2020,"4,400-7,146","5,773",0.40%,,,
Sector 128,Apr-Jun 2020,"4,358-7,236","5,797",26%,,,
Sector 128,Jan-Mar 2020,"3,835-5,356","4,595",28%,,,
Sector 128,Oct-Dec 2019,"4,729-7,991","6,360",2%,,,
Sector 128,Jul-Sep 2019,"4,622-7,910","6,266",4%,,,
Sector 128,Apr-Jun 2019,"4,909-8,133","6,521",2%,,,
Sector 128,Jan-Mar 2019,"4,792-7,991","6,392",1%,,,
Sector 128,Oct-Dec 2018,"4,776-7,893","6,335",1%,,,
Sector 128,Jul-Sep 2018,"4,866-7,868","6,367",3%,,,
,,,,,,,
Sector 129,Oct-Dec 2024,"6,263-9,095","7,679",4%,,,
Sector 129,Jul-Sep 2024,"5,931-8,877","7,404",15%,,,
Sector 129,Apr-Jun 2024,"4,829-7,996","6,412",18%,,,
Sector 129,Jan-Mar 2024,"4,108-6,803","5,455",9%,,,
Sector 129,Oct-Dec 2023,"3,870-6,134","5,002",8%,,,
Sector 129,Jul-Sep 2023,"3,680-5,734","4,635",8%,,,
Sector 129,Apr-Jun 2023,"3,545-5,413","4,290",6%,,,
Sector 129,Jan-Mar 2023,"3,450-5,157","4,047",5%,,,
Sector 129,Oct-Dec 2022,"3,450-5,100","3,855",7%,,,
Sector 129,Jul-Sep 2022,"3,763-5,337","4,550",6%,,,
Sector 129,Apr-Jun 2022,"3,437-5,116","4,277",1%,,,
Sector 129,Jan-Mar 2022,"3,460-5,162","4,311",4%,,,
Sector 129,Oct-Dec 2021,"3,587-5,394","4,491",11%,,,
Sector 129,Jul-Sep 2021,"3,380-4,677","4,028",5%,,,
Sector 129,Apr-Jun 2021,"3,230-4,520","3,837",4%,,,
Sector 129,Jan-Mar 2021,"3,305-4,578","3,942",3%,,,
Sector 129,Oct-Dec 2020,"3,200-4,510","3,806",4%,,,
Sector 129,Jul-Sep 2020,"3,291-4,374","3,833",2%,,,
Sector 129,Apr-Jun 2020,"3,165-4,320","3,742",1%,,,
Sector 129,Jan-Mar 2020,"3,446-4,846","4,146",11%,,,
Sector 129,Oct-Dec 2019,"3,158-4,333","3,745",1%,,,
Sector 129,Jul-Sep 2019,"3,214-4,201","3,708",2%,,,
Sector 129,Apr-Jun 2019,"3,050-4,150","3,617",2%,,,
Sector 129,Jan-Mar 2019,"2,970-4,040","3,505",3%,,,
Sector 129,Oct-Dec 2018,"2,880-3,950","3,400",3%,,,
Sector 129,Jul-Sep 2018,"3,442-4,241","3,842",6%,,,
,,,,,,,
Sector 131,Oct-Dec 2024,"6,884-9,055","7,969",4%,,,
Sector 131,Jul-Sep 2024,"6,277-8,993","7,635",11%,,,
Sector 131,Apr-Jun 2024,"5,806-7,955","6,881",8%,,,
Sector 131,Jan-Mar 2024,"5,317-7,473","6,395",5%,,,
Sector 131,Oct-Dec 2023,"4,953-7,175","6,064",7%,,,
Sector 131,Jul-Sep 2023,"4,710-6,650","5,669",6%,,,
Sector 131,Apr-Jun 2023,"4,410-6,290","5,350",5%,,,
Sector 131,Jan-Mar 2023,"4,230-5,980","5,095",4%,,,
Sector 131,Oct-Dec 2022,"4,060-5,780","4,900",5%,,,
Sector 131,Jul-Sep 2022,"3,950-5,490","4,650",4%,,,
Sector 131,Apr-Jun 2022,"3,820-5,270","4,500",3%,,,
Sector 131,Jan-Mar 2022,"3,750-5,140","4,370",4%,,,
Sector 131,Oct-Dec 2021,"3,620-5,010","4,200",5%,,,
Sector 131,Jul-Sep 2021,"3,460-4,780","4,000",3%,,,
Sector 131,Apr-Jun 2021,"3,380-4,640","3,880",2%,,,
Sector 131,Jan-Mar 2021,"3,320-4,530","3,825",2%,,,
Sector 131,Oct-Dec 2020,"3,260-4,450","3,750",2%,,,
Sector 131,Jul-Sep 2020,"3,200-4,360","3,680",1%,,,
Sector 131,Apr-Jun 2020,"3,180-4,340","3,650",1%,,,
Sector 131,Jan-Mar 2020,"3,150-4,310","3,620",2%,,,
Sector 131,Oct-Dec 2019,"3,080-4,250","3,550",1%,,,
Sector 131,Jul-Sep 2019,"3,050-4,200","3,520",1%,,,
Sector 131,Apr-Jun 2019,"3,020-4,150","3,490",1%,,,
Sector 131,Jan-Mar 2019,"2,990-4,100","3,460",1%,,,
Sector 131,Oct-Dec 2018,"2,950-4,050","3,420",1%,,,
Sector 131,Jul-Sep 2018,"2,920-4,010","3,390",1%,,,
,,,,,,,
Sector 133,Oct-Dec 2024,"6,105-9,090","7,597",0.40%,,,
Sector 133,Jul-Sep 2024,"6,359-8,897","7,628",19%,,,
Sector 133,Apr-Jun 2024,"4,920-7,953","6,437",6%,,,
Sector 133,Jan-Mar 2024,"4,519-7,594","6,056",3%,,,
Sector 133,Oct-Dec 2023,"4,431-7,328","5,880",2%,,,
Sector 133,Jul-Sep 2023,"4,821-6,668","5,744",14%,,,
Sector 133,Apr-Jun 2023,"4,333-5,731","5,032",6%,,,
Sector 133,Jan-Mar 2023,"3,911-5,565","4,738",6%,,,
Sector 133,Oct-Dec 2022,"3,831-5,073","4,452",5%,,,
Sector 133,Jul-Sep 2022,"3,620-4,870","4,245",4%,,,
Sector 133,Apr-Jun 2022,"3,351-4,787","4,069",2%,,,
Sector 133,Jan-Mar 2022,"3,227-4,755","3,991",4%,,,
Sector 133,Oct-Dec 2021,"3,161-4,487","3,824",2%,,,
Sector 133,Jul-Sep 2021,"3,092-4,419","3,756",3%,,,
Sector 133,Apr-Jun 2021,"3,020-4,350","3,685",2%,,,
Sector 133,Jan-Mar 2021,"2,970-4,280","3,625",2%,,,
Sector 133,Oct-Dec 2020,"2,920-4,210","3,565",2%,,,
Sector 133,Jul-Sep 2020,"2,880-4,150","3,515",1%,,,
Sector 133,Apr-Jun 2020,"2,850-4,100","3,475",1%,,,
Sector 133,Jan-Mar 2020,"2,830-4,050","3,440",2%,,,
Sector 133,Oct-Dec 2019,"2,810-4,000","3,405",1%,,,
Sector 133,Jul-Sep 2019,"3,443-4,179","3,811",1%,,,
Sector 133,Apr-Jun 2019,"3,400-4,120","3,760",1%,,,
Sector 133,Jan-Mar 2019,"3,350-4,050","3,700",1%,,,
Sector 133,Oct-Dec 2018,"3,300-3,990","3,645",1%,,,
Sector 133,Jul-Sep 2018,"3,250-3,930","3,590",1%,,,
,,,,,,,
Sector 134,Oct-Dec 2024,"7,216-9,354","8,285",4%,,,
Sector 134,Jul-Sep 2024,"6,796-9,151","7,974",7%,,,
Sector 134,Apr-Jun 2024,"6,342-8,541","7,441",10%,,,
Sector 134,Jan-Mar 2024,"5,505-7,985","6,745",7%,,,
Sector 134,Oct-Dec 2023,"5,112-7,475","6,293",12%,,,
Sector 134,Jul-Sep 2023,"4,725-6,513","5,619",8%,,,
Sector 134,Apr-Jun 2023,"4,425-5,970","5,197",10%,,,
Sector 134,Jan-Mar 2023,"4,020-5,468","4,744",8%,,,
Sector 134,Oct-Dec 2022,"3,732-5,023","4,377",2%,,,
Sector 134,Jul-Sep 2022,"3,701-4,863","4,282",6%,,,
Sector 134,Apr-Jun 2022,"3,448-4,642","4,045",0.20%,,,
Sector 134,Jan-Mar 2022,"3,444-4,626","4,035",0.40%,,,
Sector 134,Oct-Dec 2021,"3,406-4,634","4,020",1%,,,
Sector 134,Jul-Sep 2021,"3,389-4,554","3,971",4%,,,
Sector 134,Apr-Jun 2021,"3,289-4,367","3,828",1%,,,
Sector 134,Jan-Mar 2021,"3,266-4,278","3,772",2%,,,
Sector 134,Oct-Dec 2020,"3,272-4,428","3,850",0.30%,,,
Sector 134,Jul-Sep 2020,"3,300-4,375","3,838",2%,,,
Sector 134,Apr-Jun 2020,"3,334-4,212","3,773",1%,,,
Sector 134,Jan-Mar 2020,"3,300-4,205","3,753",1%,,,
Sector 134,Oct-Dec 2019,"3,376-4,175","3,776",2%,,,
Sector 134,Jul-Sep 2019,"3,393-4,290","3,842",,,,
Sector 134,Apr-Jun 2019,"3,358-4,364","3,861",1%,,,
Sector 134,Jan-Mar 2019,"3,363-4,266","3,814",1%,,,
Sector 134,Oct-Dec 2018,"3,342-4,386","3,864",1%,,,
Sector 134,Jul-Sep 2018,"3,329-4,350","3,840",1%,,,
,,,,,,,
Sector 137,Oct-Dec 2024,"6,720-12,153","9,437",9%,,,
Sector 137,Jul-Sep 2024,"6,066-11,193","8,630",14%,,,
Sector 137,Apr-Jun 2024,"5,619-9,505","7,562",6%,,,
Sector 137,Jan-Mar 2024,"5,289-8,987","7,138",10%,,,
Sector 137,Oct-Dec 2023,"4,957-8,034","6,496",5%,,,
Sector 137,Jul-Sep 2023,"4,690-7,711","6,200",7%,,,
Sector 137,Apr-Jun 2023,"4,442-7,100","5,771",3%,,,
Sector 137,Jan-Mar 2023,"4,325-6,864","5,594",3%,,,
Sector 137,Oct-Dec 2022,"4,119-6,767","5,443",5%,,,
Sector 137,Jul-Sep 2022,"4,064-6,320","5,192",3%,,,
Sector 137,Apr-Jun 2022,"3,944-6,154","5,049",2%,,,
Sector 137,Jan-Mar 2022,"4,016-6,088","5,052",0.20%,,,
Sector 137,Oct-Dec 2021,"3,985-6,138","5,061",2%,,,
Sector 137,Jul-Sep 2021,"3,912-6,045","4,979",1%,,,
Sector 137,Apr-Jun 2021,"3,888-6,063","4,975",1%,,,
Sector 137,Jan-Mar 2021,"3,881-6,017","4,949",1%,,,
Sector 137,Oct-Dec 2020,"3,850-5,912","4,881",1%,,,
Sector 137,Jul-Sep 2020,"3,884-5,933","4,908",0.30%,,,
Sector 137,Apr-Jun 2020,"3,909-5,938","4,923",1%,,,
Sector 137,Jan-Mar 2020,"3,846-5,947","4,897",2%,,,
Sector 137,Oct-Dec 2019,"3,911-6,051","4,981",2%,,,
Sector 137,Jul-Sep 2019,"4,045-6,134","5,090",1%,,,
Sector 137,Apr-Jun 2019,"4,080-6,035","5,058",1%,,,
Sector 137,Jan-Mar 2019,"4,152-6,080","5,116",2%,,,
Sector 137,Oct-Dec 2018,"4,119-5,956","5,037",1%,,,
Sector 137,Jul-Sep 2018,"4,105-5,919","5,012",1%,,,
,,,,,,,
Sector 143,Oct-Dec 2024,"7,674-13,433","10,553",4%,,,
Sector 143,Jul-Sep 2024,"7,303-13,005","10,154",32%,,,
Sector 143,Apr-Jun 2024,"5,501-9,912","7,707",6%,,,
Sector 143,Jan-Mar 2024,"5,337-9,241","7,289",2%,,,
Sector 143,Oct-Dec 2023,"5,087-9,237","7,162",11%,,,
Sector 143,Jul-Sep 2023,"4,774-8,117","6,445",10%,,,
Sector 143,Apr-Jun 2023,"4,456-7,260","5,858",3%,,,
Sector 143,Jan-Mar 2023,"4,415-6,974","5,695",1%,,,
Sector 143,Oct-Dec 2022,"4,306-7,018","5,662",7%,,,
Sector 143,Jul-Sep 2022,"4,091-6,452","5,272",1%,,,
Sector 143,Apr-Jun 2022,"4,132-6,272","5,202",3%,,,
Sector 143,Jan-Mar 2022,"4,065-6,049","5,057",2%,,,
Sector 143,Oct-Dec 2021,"4,078-5,884","4,981",1%,,,
Sector 143,Jul-Sep 2021,"4,103-5,797","4,950",1%,,,
Sector 143,Apr-Jun 2021,"4,039-5,724","4,881",0.40%,,,
Sector 143,Jan-Mar 2021,"4,042-5,762","4,902",0.20%,,,
Sector 143,Oct-Dec 2020,"4,021-5,763","4,892",1%,,,
Sector 143,Jul-Sep 2020,"4,117-5,768","4,943",2%,,,
Sector 143,Apr-Jun 2020,"4,041-5,677","4,859",2%,,,
Sector 143,Jan-Mar 2020,"4,116-5,751","4,934",0.40%,,,
Sector 143,Oct-Dec 2019,"4,131-5,775","4,953",0.30%,,,
Sector 143,Jul-Sep 2019,"4,168-5,764","4,966",1%,,,
Sector 143,Apr-Jun 2019,"4,146-5,725","4,936",1%,,,
Sector 143,Jan-Mar 2019,"4,079-5,713","4,896",1%,,,
Sector 143,Oct-Dec 2018,"3,994-5,682","4,838",1%,,,
Sector 143,Jul-Sep 2018,"3,926-5,613","4,770",1%,,,
,,,,,,,
Sector 143B,Oct-Dec 2024,"8,373-13,649","11,011",1%,,,
Sector 143B,Jul-Sep 2024,"8,520-13,355","10,937",15%,,,
Sector 143B,Apr-Jun 2024,"7,284-11,744","9,514",4%,,,
Sector 143B,Jan-Mar 2024,"7,192-11,155","9,174",10%,,,
Sector 143B,Oct-Dec 2023,"6,344-10,378","8,361",5%,,,
Sector 143B,Jul-Sep 2023,"6,058-9,879","7,963",6%,,,
Sector 143B,Apr-Jun 2023,"5,723-9,448","7,585",4%,,,
Sector 143B,Jan-Mar 2023,"5,498-8,984","7,241",6%,,,
Sector 143B,Oct-Dec 2022,"5,320-8,725","7,023",4%,,,
Sector 143B,Jul-Sep 2022,"5,192-8,362","6,777",3%,,,
Sector 143B,Apr-Jun 2022,"4,991-8,122","6,557",4%,,,
Sector 143B,Jan-Mar 2022,"4,816-7,830","6,323",2%,,,
Sector 143B,Oct-Dec 2021,"4,739-7,690","6,214",2%,,,
Sector 143B,Jul-Sep 2021,"4,663-7,512","6,088",1%,,,
Sector 143B,Apr-Jun 2021,"4,598-7,465","6,032",1%,,,
Sector 143B,Jan-Mar 2021,"4,523-7,409","5,966",1%,,,
Sector 143B,Oct-Dec 2020,"4,470-7,308","5,889",1%,,,
Sector 143B,Jul-Sep 2020,"4,402-7,215","5,808",0.50%,,,
Sector 143B,Apr-Jun 2020,"4,375-7,138","5,756",1%,,,
Sector 143B,Jan-Mar 2020,"4,291-7,072","5,682",1%,,,
Sector 143B,Oct-Dec 2019,"4,210-6,998","5,604",1%,,,
Sector 143B,Jul-Sep 2019,"4,134-6,856","5,495",0.50%,,,
Sector 143B,Apr-Jun 2019,"4,080-6,732","5,406",1%,,,
Sector 143B,Jan-Mar 2019,"4,012-6,620","5,316",1%,,,
Sector 143B,Oct-Dec 2018,"3,998-6,512","5,255",0.50%,,,
Sector 143B,Jul-Sep 2018,"3,976-6,420","5,198",1%,,,
,,,,,,,
Sector 144,Oct-Dec 2024,"12,231-19,528","15,880",4%,,,
Sector 144,Jul-Sep 2024,"11,705-18,738","15,221",2%,,,
Sector 144,Apr-Jun 2024,"10,980-18,872","14,926",21%,,,
Sector 144,Jan-Mar 2024,"8,660-15,940","12,300",10%,,,
Sector 144,Oct-Dec 2023,"9,620-17,832","13,726",10%,,,
Sector 144,Jul-Sep 2023,"11,955-18,430","15,193",27%,,,
Sector 144,Apr-Jun 2023,"8,400-15,574","11,987",76%,,,
Sector 144,Jan-Mar 2023,"5,636-8,008","6,822",2%,,,
Sector 144,Oct-Dec 2022,"5,682-7,671","6,676",2%,,,
Sector 144,Jul-Sep 2022,"5,579-7,450","6,515",2%,,,
Sector 144,Apr-Jun 2022,"5,500-7,304","6,402",4%,,,
Sector 144,Jan-Mar 2022,"5,503-6,866","6,185",5%,,,
Sector 144,Oct-Dec 2021,"5,474-6,312","5,893",2%,,,
Sector 144,Jul-Sep 2021,"5,261-6,270","5,766",7%,,,
Sector 144,Apr-Jun 2021,"4,952-5,794","5,373",2%,,,
Sector 144,Jan-Mar 2021,"4,943-5,606","5,274",2%,,,
Sector 144,Oct-Dec 2020,"4,857-5,459","5,158",1%,,,
Sector 144,Jul-Sep 2020,"4,890-5,353","5,122",3%,,,
Sector 144,Apr-Jun 2020,"4,727-5,245","4,986",0.30%,,,
Sector 144,Jan-Mar 2020,"4,690-5,311","5,000",1%,,,
Sector 144,Oct-Dec 2019,"4,659-5,445","5,052",1%,,,
Sector 144,Jul-Sep 2019,"4,440-5,528","4,984",0.50%,,,
Sector 144,Apr-Jun 2019,"4,392-5,498","4,945",1%,,,
Sector 144,Jan-Mar 2019,"4,365-5,476","4,920",1%,,,
Sector 144,Oct-Dec 2018,"4,315-5,432","4,873",0.50%,,,
Sector 144,Jul-Sep 2018,"4,290-5,398","4,844",1%,,,
,,,,,,,
Sector 146,Oct-Dec 2024,"13,674-18,184","15,929",0.40%,,,
Sector 146,Jul-Sep 2024,"13,539-18,201","15,870",1%,,,
Sector 146,Apr-Jun 2024,"13,507-17,843","15,675",3%,,,
Sector 146,Jan-Mar 2024,"13,188-17,318","15,253",4%,,,
Sector 146,Oct-Dec 2023,"12,223-17,212","14,717",6%,,,
Sector 146,Jul-Sep 2023,"11,926-15,954","13,940",8%,,,
Sector 146,Apr-Jun 2023,"11,050-15,120","12,907",7%,,,
Sector 146,Jan-Mar 2023,"10,630-14,550","12,065",6%,,,
Sector 146,Oct-Dec 2022,"10,023-13,720","11,385",5%,,,
Sector 146,Jul-Sep 2022,"9,550-12,987","10,843",4%,,,
Sector 146,Apr-Jun 2022,"9,230-12,540","10,515",3%,,,
Sector 146,Jan-Mar 2022,"8,950-12,100","10,185",2%,,,
Sector 146,Oct-Dec 2021,"8,750-11,850","9,950",2%,,,
Sector 146,Jul-Sep 2021,"8,600-11,450","9,750",3%,,,
Sector 146,Apr-Jun 2021,"8,350-11,200","9,550",2%,,,
Sector 146,Jan-Mar 2021,"8,220-11,000","9,340",1%,,,
Sector 146,Oct-Dec 2020,"8,150-10,800","9,200",1%,,,
Sector 146,Jul-Sep 2020,"8,100-10,700","9,150",1%,,,
Sector 146,Apr-Jun 2020,"8,050-10,600","9,075",0.50%,,,
Sector 146,Jan-Mar 2020,"8,000-10,500","9,030",1%,,,
Sector 146,Oct-Dec 2019,"7,900-10,300","8,940",1%,,,
Sector 146,Jul-Sep 2019,"7,800-10,100","8,800",1%,,,
Sector 146,Apr-Jun 2019,"7,700-10,000","8,750",1%,,,
Sector 146,Jan-Mar 2019,"7,600-9,900","8,650",1%,,,
Sector 146,Oct-Dec 2018,"7,500-9,800","8,550",1%,,,
Sector 146,Jul-Sep 2018,"7,400-9,700","8,450",1%,,,
,,,,,,,
Sector 150,Oct-Dec 2024,"9,553-14,208","11,881",3%,,,
Sector 150,Jul-Sep 2024,"9,323-13,785","11,554",4%,,,
Sector 150,Apr-Jun 2024,"8,895-13,302","11,099",5%,,,
Sector 150,Jan-Mar 2024,"8,317-12,746","10,531",5%,,,
Sector 150,Oct-Dec 2023,"7,948-12,141","10,044",11%,,,
Sector 150,Jul-Sep 2023,"7,334-10,721","9,027",9%,,,
Sector 150,Apr-Jun 2023,"6,699-9,935","8,317",9%,,,
Sector 150,Jan-Mar 2023,"6,143-9,187","7,665",3%,,,
Sector 150,Oct-Dec 2022,"5,925-8,934","7,430",6%,,,
Sector 150,Jul-Sep 2022,"5,674-8,377","7,025",5%,,,
Sector 150,Apr-Jun 2022,"5,390-7,943","6,667",4%,,,
Sector 150,Jan-Mar 2022,"5,123-7,675","6,399",1%,,,
Sector 150,Oct-Dec 2021,"5,049-7,627","6,338",2%,,,
Sector 150,Jul-Sep 2021,"4,974-7,471","6,223",1%,,,
Sector 150,Apr-Jun 2021,"4,983-7,336","6,160",2%,,,
Sector 150,Jan-Mar 2021,"4,929-7,142","6,035",1%,,,
Sector 150,Oct-Dec 2020,"4,919-6,994","5,957",1%,,,
Sector 150,Jul-Sep 2020,"4,862-6,957","5,910",3%,,,
Sector 150,Apr-Jun 2020,"4,646-6,820","5,733",1%,,,
Sector 150,Jan-Mar 2020,"4,525-6,826","5,675",,,,
Sector 150,Oct-Dec 2019,"4,527-6,821","5,674",3%,,,
Sector 150,Jul-Sep 2019,"4,398-6,668","5,533",3%,,,
Sector 150,Apr-Jun 2019,"4,267-6,464","5,365",4%,,,
Sector 150,Jan-Mar 2019,"4,138-6,144","5,141",3%,,,
Sector 150,Oct-Dec 2018,"4,181-6,364","5,273",1%,,,
Sector 150,Jul-Sep 2018,"4,139-6,342","5,240",2%,,,
,,,,,,,
Sector 151,Oct-Dec 2024,"6,187-8,015","7,101",8%,,,
Sector 151,Jul-Sep 2024,"5,979-7,113","6,546",10%,,,
Sector 151,Apr-Jun 2024,"4,864-7,023","5,944",11%,,,
Sector 151,Jan-Mar 2024,"4,270-6,414","5,342",3%,,,
Sector 151,Oct-Dec 2023,"4,323-6,087","5,205",8%,,,
Sector 151,Jul-Sep 2023,"3,932-5,733","4,832",14%,,,
Sector 151,Apr-Jun 2023,"3,539-4,958","4,249",9%,,,
Sector 151,Jan-Mar 2023,"3,381-4,397","3,889",5%,,,
Sector 151,Oct-Dec 2022,"3,201-4,231","3,716",,,,
Sector 151,Jul-Sep 2022,"3,193-4,238","3,715",1%,,,
Sector 151,Apr-Jun 2022,"3,006-4,339","3,673",4%,,,
Sector 151,Jan-Mar 2022,"2,994-4,621","3,808",6%,,,
Sector 151,Oct-Dec 2021,"2,811-4,385","3,598",5%,,,
Sector 151,Jul-Sep 2021,"2,746-4,091","3,418",3%,,,
Sector 151,Apr-Jun 2021,"2,684-3,938","3,311",2%,,,
Sector 151,Jan-Mar 2021,"2,664-3,825","3,244",2%,,,
Sector 151,Oct-Dec 2020,"2,639-3,753","3,196",2%,,,
Sector 151,Jul-Sep 2020,"2,656-3,847","3,252",3%,,,
Sector 151,Apr-Jun 2020,"2,600-3,730","3,165",6%,,,
Sector 151,Jan-Mar 2020,"2,550-3,446","2,998",2%,,,
Sector 151,Oct-Dec 2019,"2,615-3,495","3,055",1%,,,
Sector 151,Jul-Sep 2019,"2,657-3,497","3,077",1%,,,
Sector 151,Apr-Jun 2019,"2,632-3,451","3,042",3%,,,
Sector 151,Jan-Mar 2019,"2,636-3,651","3,144",1%,,,
Sector 151,Oct-Dec 2018,"2,663-3,588","3,126",3%,,,
Sector 151,Jul-Sep 2018,"2,714-3,701","3,207",4%,,,
,,,,,,,
Sector 152,Oct-Dec 2024,"10,049-17,120","13,584",4%,,,
Sector 152,Jul-Sep 2024,"10,829-17,474","14,152",18%,,,
Sector 152,Apr-Jun 2024,"9,247-14,826","12,037",8%,,,
Sector 152,Jan-Mar 2024,"8,503-13,714","11,108",4%,,,
Sector 152,Oct-Dec 2023,"8,023-13,258","10,641",24%,,,
Sector 152,Jul-Sep 2023,"6,547-10,549","8,548",11%,,,
Sector 152,Apr-Jun 2023,"5,909-9,510","7,709",3%,,,
Sector 152,Jan-Mar 2023,"5,536-9,425","7,480",9%,,,
Sector 152,Oct-Dec 2022,"5,305-8,432","6,869",9%,,,
Sector 152,Jul-Sep 2022,"5,167-7,392","6,280",1%,,,
Sector 152,Apr-Jun 2022,"5,278-7,211","6,244",8%,,,
Sector 152,Jan-Mar 2022,"4,888-6,727","5,808",3%,,,
Sector 152,Oct-Dec 2021,"4,991-6,954","5,972",0.40%,,,
Sector 152,Jul-Sep 2021,"5,070-6,832","5,951",10%,,,
Sector 152,Apr-Jun 2021,"4,641-6,153","5,397",4%,,,
Sector 152,Jan-Mar 2021,"4,489-5,933","5,211",2%,,,
Sector 152,Oct-Dec 2020,"4,534-5,640","5,087",2%,,,
Sector 152,Jul-Sep 2020,"4,545-5,398","4,972",2%,,,
Sector 152,Apr-Jun 2020,"4,404-5,323","4,863",1%,,,
Sector 152,Jan-Mar 2020,"4,433-5,160","4,797",1%,,,
Sector 152,Oct-Dec 2019,"4,473-5,225","4,849",1%,,,
Sector 152,Jul-Sep 2019,"4,465-5,317","4,891",0.30%,,,
Sector 152,Apr-Jun 2019,"4,426-5,324","4,875",2%,,,
Sector 152,Jan-Mar 2019,"4,337-5,265","4,801",3%,,,
Sector 152,Oct-Dec 2018,"4,438-4,894","4,666",1%,,,
Sector 152,Jul-Sep 2018,"4,446-4,836","4,641",1%,,,
,,,,,,,
Sector 168,Oct-Dec 2024,"6,144-10,257","8,200",4%,,,
Sector 168,Jul-Sep 2024,"5,975-9,845","7,910",17%,,,
Sector 168,Apr-Jun 2024,"5,049-8,478","6,764",1%,,,
Sector 168,Jan-Mar 2024,"5,136-8,194","6,665",11%,,,
Sector 168,Oct-Dec 2023,"4,675-7,385","6,030",7%,,,
Sector 168,Jul-Sep 2023,"4,343-6,894","5,618",5%,,,
Sector 168,Apr-Jun 2023,"4,217-6,497","5,357",1%,,,
Sector 168,Jan-Mar 2023,"4,218-6,373","5,295",6%,,,
Sector 168,Oct-Dec 2022,"3,955-5,996","4,975",1%,,,
Sector 168,Jul-Sep 2022,"4,012-5,835","4,924",1%,,,
Sector 168,Apr-Jun 2022,"3,952-5,956","4,954",1%,,,
Sector 168,Jan-Mar 2022,"3,942-5,859","4,900",0.50%,,,
Sector 168,Oct-Dec 2021,"3,918-5,835","4,877",,,,
Sector 168,Jul-Sep 2021,"3,898-5,860","4,879",5%,,,
Sector 168,Apr-Jun 2021,"3,797-5,532","4,664",1%,,,
Sector 168,Jan-Mar 2021,"3,800-5,463","4,631",2%,,,
Sector 168,Oct-Dec 2020,"3,903-5,500","4,702",1%,,,
Sector 168,Jul-Sep 2020,"3,942-5,534","4,738",,,,
Sector 168,Apr-Jun 2020,"4,005-5,470","4,738",1%,,,
Sector 168,Jan-Mar 2020,"3,975-5,368","4,672",1%,,,
Sector 168,Oct-Dec 2019,"3,858-5,434","4,646",1%,,,
Sector 168,Jul-Sep 2019,"3,919-5,427","4,673",3%,,,
Sector 168,Apr-Jun 2019,"3,865-5,205","4,535",2%,,,
Sector 168,Jan-Mar 2019,"3,989-5,277","4,633",0.20%,,,
Sector 168,Oct-Dec 2018,"3,944-5,304","4,624",1%,,,
Sector 168,Jul-Sep 2018,"3,919-5,202","4,561",1%,,,
,,,,,,,
Sector 29,Oct-Dec 2024,"7,978-12,122","10,050",1%,,,
Sector 29,Jul-Sep 2024,"7,989-12,006","9,998",8%,,,
Sector 29,Apr-Jun 2024,"7,011-11,443","9,227",16%,,,
Sector 29,Jan-Mar 2024,"6,349-9,626","7,988",2%,,,
Sector 29,Oct-Dec 2023,"6,482-9,859","8,170",2%,,,
Sector 29,Jul-Sep 2023,"6,160-9,786","7,973",5%,,,
Sector 29,Apr-Jun 2023,"5,857-9,390","7,623",7%,,,
Sector 29,Jan-Mar 2023,"5,510-8,782","7,146",0.50%,,,
Sector 29,Oct-Dec 2022,"5,568-8,790","7,179",6%,,,
Sector 29,Jul-Sep 2022,"5,154-8,403","6,778",0.30%,,,
Sector 29,Apr-Jun 2022,"5,289-8,305","6,797",0.50%,,,
Sector 29,Jan-Mar 2022,"5,363-8,292","6,828",1%,,,
Sector 29,Oct-Dec 2021,"5,306-8,261","6,783",1%,,,
Sector 29,Jul-Sep 2021,"5,442-8,057","6,749",1%,,,
Sector 29,Apr-Jun 2021,"5,179-8,199","6,689",3%,,,
Sector 29,Jan-Mar 2021,"4,974-8,016","6,495",3%,,,
Sector 29,Oct-Dec 2020,"5,220-8,202","6,711",3%,,,
Sector 29,Jul-Sep 2020,"4,690-8,299","6,494",0.30%,,,
Sector 29,Apr-Jun 2020,"4,762-8,186","6,474",1%,,,
Sector 29,Jan-Mar 2020,"5,048-7,978","6,513",2%,,,
Sector 29,Oct-Dec 2019,"4,777-8,027","6,402",2%,,,
Sector 29,Jul-Sep 2019,"4,939-8,076","6,507",5%,,,
Sector 29,Apr-Jun 2019,"5,202-8,557","6,880",,,,
Sector 29,Jan-Mar 2019,"5,299-8,452","6,876",1%,,,
Sector 29,Oct-Dec 2018,"5,345-8,272","6,809",4%,,,
Sector 29,Jul-Sep 2018,"4,957-8,098","6,527",3%,,,
,,,,,,,
Sector 37,Oct-Dec 2024,"7,468-12,584","10,026",9%,,,
Sector 37,Jul-Sep 2024,"6,829-11,643","9,236",6%,,,
Sector 37,Apr-Jun 2024,"6,296-11,095","8,696",10%,,,
Sector 37,Jan-Mar 2024,"5,786-9,978","7,882",1%,,,
Sector 37,Oct-Dec 2023,"5,954-9,968","7,961",14%,,,
Sector 37,Jul-Sep 2023,"5,512-8,422","6,967",5%,,,
Sector 37,Apr-Jun 2023,"5,694-8,924","7,309",1%,,,
Sector 37,Jan-Mar 2023,"5,629-9,197","7,413",9%,,,
Sector 37,Oct-Dec 2022,"5,044-8,562","6,803",3%,,,
Sector 37,Jul-Sep 2022,"5,094-8,058","6,576",3%,,,
Sector 37,Apr-Jun 2022,"4,839-7,925","6,382",12%,,,
Sector 37,Jan-Mar 2022,"5,281-9,186","7,234",1%,,,
Sector 37,Oct-Dec 2021,"5,219-9,152","7,185",8%,,,
Sector 37,Jul-Sep 2021,"5,239-8,123","6,681",5%,,,
Sector 37,Apr-Jun 2021,"5,385-8,708","7,047",4%,,,
Sector 37,Jan-Mar 2021,"5,108-8,430","6,769",2%,,,
Sector 37,Oct-Dec 2020,"4,989-8,290","6,639",4%,,,
Sector 37,Jul-Sep 2020,"4,915-7,833","6,374",0.30%,,,
Sector 37,Apr-Jun 2020,"5,048-7,658","6,353",5%,,,
Sector 37,Jan-Mar 2020,"5,131-8,218","6,675",0.20%,,,
Sector 37,Oct-Dec 2019,"5,213-8,108","6,661",3%,,,
Sector 37,Jul-Sep 2019,"5,023-7,904","6,463",,,,
Sector 37,Apr-Jun 2019,"4,928-7,999","6,464",3%,,,
Sector 37,Jan-Mar 2019,"5,090-8,227","6,659",0.40%,,,
Sector 37,Oct-Dec 2018,"5,167-8,201","6,684",6%,,,
Sector 37,Jul-Sep 2018,"5,486-8,784","7,135",6%,,,
,,,,,,,
Sector 43,Jul-Sep 2018,"5,779 - 6,920","6,349",4%,,,
Sector 43,Oct-Dec 2018,"6,033 - 7,224","6,628",4%,,,
Sector 43,Jan-Mar 2019,"6,298 - 7,541","6,920",4%,,,
Sector 43,Apr-Jun 2019,"6,576 - 7,874","7,225",4%,,,
Sector 43,Jul-Sep 2019,"6,865 - 8,220","7,543",4%,,,
Sector 43,Oct-Dec 2019,"7,168 - 8,583","7,875",4%,,,
Sector 43,Jan-Mar 2020,"7,483 - 8,960","8,221",4%,,,
Sector 43,Apr-Jun 2020,"7,812 - 9,354","8,583",4%,,,
Sector 43,Jul-Sep 2020,"8,156 - 9,766","8,961",4%,,,
Sector 43,Oct-Dec 2020,"8,514 - 10,195","9,355",4%,,,
Sector 43,Jan-Mar 2021,"8,889 - 10,644","9,767",,,,
Sector 43,Apr-Jun 2021,"8,822 - 10,965","9,893",1%,,,
Sector 43,Jul-Sep 2021,"9,009 - 12,114","10,561",7%,,,
Sector 43,Oct-Dec 2021,"8,798 - 12,487","10,642",1%,,,
Sector 43,Jan-Mar 2022,"10,259 - 13,727","11,993",13%,,,
Sector 43,Apr-Jun 2022,"10,153 - 13,947","12,050",0.50%,,,
Sector 43,Jul-Sep 2022,"10,711 - 14,511","12,611",5.00%,,,
Sector 43,Oct-Dec 2022,"11,153 - 15,251","13,202",5.00%,,,
Sector 43,Jan-Mar 2023,"11,719 - 15,637","13,678",4.00%,,,
Sector 43,Apr-Jun 2023,"12,077 - 16,174","14,125",3.00%,,,
Sector 43,Jul-Sep 2023,"12,951 - 16,335","14,643",4.00%,,,
Sector 43,Oct-Dec 2023,"13,203 - 17,012","15,108",3.00%,,,
Sector 43,Jan-Mar 2024,"13,715 - 17,472","15,593",3.00%,,,
Sector 43,Apr-Jun 2024,"14,677 - 18,505","16,591",6.00%,,,
Sector 43,Jul-Sep 2024,"15,319 - 19,120","17,219",4.00%,,,
Sector 43,Oct-Dec 2024,"16,040 - 20,397","18,219",6.00%,,,
,,,,,,,
Sector 44,Jul-Sep 2018,"4,735 - 8,850","6,793",126%,,,
Sector 44,Oct-Dec 2018,"4,513 - 6,771","5,642",17%,,,
Sector 44,Jan-Mar 2019,"5,021 - 7,292","6,156",9%,,,
Sector 44,Apr-Jun 2019,"4,898 - 7,375","6,136",0.30%,,,
Sector 44,Jul-Sep 2019,"5,312 - 8,651","6,981",14%,,,
Sector 44,Oct-Dec 2019,"5,186 - 8,819","7,003",0.30%,,,
Sector 44,Jan-Mar 2020,"5,765 - 10,255","8,010",14%,,,
Sector 44,Apr-Jun 2020,"5,869 - 9,658","7,763",3%,,,
Sector 44,Jul-Sep 2020,"5,159 - 7,460","6,309",19%,,,
Sector 44,Oct-Dec 2020,"4,776 - 6,836","5,806",8%,,,
Sector 44,Jan-Mar 2021,"4,389 - 7,083","5,736",1%,,,
Sector 44,Apr-Jun 2021,"5,144 - 9,970","7,557",32%,,,
Sector 44,Jul-Sep 2021,"4,374 - 8,823","6,599",13%,,,
Sector 44,Oct-Dec 2021,"4,010 - 7,058","5,534",16%,,,
Sector 44,Jan-Mar 2022,"4,278 - 7,054","5,666",2%,,,
Sector 44,Apr-Jun 2022,"4,921 - 9,869","7,395",31%,,,
Sector 44,Jul-Sep 2022,"4,293 - 7,267","5,780",22%,,,
Sector 44,Oct-Dec 2022,"4,832 - 8,128","6,480",12%,,,
Sector 44,Jan-Mar 2023,"5,020 - 8,980","7,000",8%,,,
Sector 44,Apr-Jun 2023,"6,200 - 10,500","8,350",19%,,,
Sector 44,Jul-Sep 2023,"7,500 - 12,300","9,900",18.00%,,,
Sector 44,Oct-Dec 2023,"8,900 - 14,700","11,800",19%,,,
Sector 44,Jan-Mar 2024,"10,500 - 16,800","13,650",16.00%,,,
Sector 44,Apr-Jun 2024,"13,200 - 20,300","16,750",23%,,,
Sector 44,Jul-Sep 2024,"16,500 - 24,500","20,500",22%,,,
Sector 44,Oct-Dec 2024,"20,232 - 28,777","24,504",20%,,,
,,,,,,,
Sector 45,Oct-Dec 2024,"8,021-14,215","11,118",13%,,,
Sector 45,Jul-Sep 2024,"7,378-12,231","9,804",10%,,,
Sector 45,Apr-Jun 2024,"7,060-10,795","8,927",6%,,,
Sector 45,Jan-Mar 2024,"6,944-9,895","8,419",13%,,,
Sector 45,Oct-Dec 2023,"6,074-8,786","7,430",3%,,,
Sector 45,Jul-Sep 2023,"5,670-8,737","7,203",6%,,,
Sector 45,Apr-Jun 2023,"5,415-8,193","6,804",4%,,,
Sector 45,Jan-Mar 2023,"5,660-8,586","7,123",10%,,,
Sector 45,Oct-Dec 2022,"5,116-7,836","6,476",6%,,,
Sector 45,Jul-Sep 2022,"4,749-7,437","6,093",4%,,,
Sector 45,Apr-Jun 2022,"4,497-7,165","5,831",4%,,,
Sector 45,Jan-Mar 2022,"4,763-7,383","6,073",2%,,,
Sector 45,Oct-Dec 2021,"4,803-7,590","6,196",2%,,,
Sector 45,Jul-Sep 2021,"4,812-7,769","6,291",1%,,,
Sector 45,Apr-Jun 2021,"5,022-7,668","6,345",4%,,,
Sector 45,Jan-Mar 2021,"4,731-7,427","6,079",2%,,,
Sector 45,Oct-Dec 2020,"4,812-7,533","6,172",5%,,,
Sector 45,Jul-Sep 2020,"5,446-7,594","6,520",0.30%,,,
Sector 45,Apr-Jun 2020,"5,339-7,658","6,498",3%,,,
Sector 45,Jan-Mar 2020,"5,501-7,892","6,696",1%,,,
Sector 45,Oct-Dec 2019,"5,388-7,928","6,658",1%,,,
Sector 45,Jul-Sep 2019,"5,541-7,916","6,729",2%,,,
Sector 45,Apr-Jun 2019,"5,374-7,863","6,619",1%,,,
Sector 45,Jan-Mar 2019,"5,231-7,818","6,525",2%,,,
Sector 45,Oct-Dec 2018,"5,147-7,613","6,380",2%,,,
Sector 45,Jul-Sep 2018,"4,965-7,604","6,285",0.20%,,,
,,,,,,,
Sector 49,Jul-Sep 2018,"2,100 - 3,500","2,800",5%,,,
Sector 49,Oct-Dec 2018,"2,205 - 3,675","2,940",5%,,,
Sector 49,Jan-Mar 2019,"2,314 - 3,859","3,086",5%,,,
Sector 49,Apr-Jun 2019,"2,430 - 3,995","3,212",5%,,,
Sector 49,Jul-Sep 2019,"2,414 - 4,099","3,257",1%,,,
Sector 49,Oct-Dec 2019,"2,460 - 4,188","3,324",2%,,,
Sector 49,Jan-Mar 2020,"2,509 - 4,280","3,394",2%,,,
Sector 49,Apr-Jun 2020,"2,550 - 4,195","3,372",-0.60%,,,
Sector 49,Jul-Sep 2020,"2,597 - 4,346","3,471",3%,,,
Sector 49,Oct-Dec 2020,"2,514 - 3,857","3,185",-8%,,,
Sector 49,Jan-Mar 2021,"2,506 - 4,004","3,255",2.00%,,,
Sector 49,Apr-Jun 2021,"2,610 - 4,065","3,338",3%,,,
Sector 49,Jul-Sep 2021,"2,726 - 4,214","3,470",4%,,,
Sector 49,Oct-Dec 2021,"2,680 - 4,202","3,441",-1%,,,
Sector 49,Jan-Mar 2022,"2,663 - 4,079","3,371",-2%,,,
Sector 49,Apr-Jun 2022,"2,652 - 4,074","3,363",0%,,,
Sector 49,Jul-Sep 2022,"2,614 - 4,185","3,400",1%,,,
Sector 49,Oct-Dec 2022,"2,533 - 4,415","3,474",2%,,,
Sector 49,Jan-Mar 2023,"2,558 - 4,450","3,504",1%,,,
Sector 49,Apr-Jun 2023,"2,590 - 4,600","3,595",2.50%,,,
Sector 49,Jul-Sep 2023,"2,635 - 4,700","3,668",2%,,,
Sector 49,Oct-Dec 2023,"2,700 - 4,750","3,725",1.50%,,,
Sector 49,Jan-Mar 2024,"2,529 - 4,377","3,453",-7%,,,
Sector 49,Apr-Jun 2024,"2,950 - 4,299","3,624",5%,,,
Sector 49,Jul-Sep 2024,"2,970 - 4,550","3,760",4%,,,
Sector 49,Oct-Dec 2024,"2,984 - 4,810","3,897",3.60%,,,
,,,,,,,
Sector 50,Jul-Sep 2018,"5,272 - 7,963","6,617",1%,,,
Sector 50,Oct-Dec 2018,"5,235 - 7,942","6,588",,,,
Sector 50,Jan-Mar 2019,"5,252 - 7,842","6,547",-1%,,,
Sector 50,Apr-Jun 2019,"5,032 - 7,790","6,411",-2%,,,
Sector 50,Jul-Sep 2019,"5,093 - 7,969","6,531",2%,,,
Sector 50,Oct-Dec 2019,"4,968 - 8,093","6,531",,,,
Sector 50,Jan-Mar 2020,"4,869 - 8,185","6,527",,,,
Sector 50,Apr-Jun 2020,"4,964 - 7,942","6,453",-1%,,,
Sector 50,Jul-Sep 2020,"5,100 - 8,220","6,660",3%,,,
Sector 50,Oct-Dec 2020,"5,268 - 8,476","6,872",3%,,,
Sector 50,Jan-Mar 2021,"5,099 - 8,439","6,769",-2%,,,
Sector 50,Apr-Jun 2021,"5,117 - 8,364","6,741",,,,
Sector 50,Jul-Sep 2021,"5,297 - 8,653","6,975",4%,,,
Sector 50,Oct-Dec 2021,"5,260 - 8,958","7,109",2%,,,
Sector 50,Jan-Mar 2022,"5,517 - 9,392","7,455",5.00%,,,
Sector 50,Apr-Jun 2022,"5,723 - 9,977","7,850",5%,,,
Sector 50,Jul-Sep 2022,"6,493 - 10,839","8,666",10%,,,
Sector 50,Oct-Dec 2022,"6,707 - 11,044","8,875",2%,,,
Sector 50,Jan-Mar 2023,"6,778 - 11,217","8,997",1%,,,
Sector 50,Apr-Jun 2023,"6,849 - 11,439","9,144",1.60%,,,
Sector 50,Jul-Sep 2023,"7,522 - 12,215","9,868",8%,,,
Sector 50,Oct-Dec 2023,"7,909 - 12,656","10,282",4%,,,
Sector 50,Jan-Mar 2024,"8,298 - 12,745","10,521",2%,,,
Sector 50,Apr-Jun 2024,"8,736 - 13,719","11,228",7%,,,
Sector 50,Jul-Sep 2024,"8,874 - 14,593","11,734",4.50%,,,
Sector 50,Oct-Dec 2024,"9,785 - 15,634","12,710",8%,,,
,,,,,,,
Sector 51,Jul-Sep 2018,"4,732 - 6,378","5,555",-,,,
Sector 51,Oct-Dec 2018,"4,875 - 6,511","5,693",3%,,,
Sector 51,Jan-Mar 2019,"5,136 - 6,729","5,933",4%,,,
Sector 51,Apr-Jun 2019,"5,136 - 7,233","6,185",4%,,,
Sector 51,Jul-Sep 2019,"5,168 - 7,098","6,133",-1%,,,
Sector 51,Oct-Dec 2019,"5,097 - 7,172","6,135",,,,
Sector 51,Jan-Mar 2020,"5,124 - 7,213","6,168",1%,,,
Sector 51,Apr-Jun 2020,"5,068 - 7,229","6,148",-0.30%,,,
Sector 51,Jul-Sep 2020,"5,068 - 7,229","6,148",,,,
Sector 51,Oct-Dec 2020,"4,864 - 7,163","6,013",-2.20%,,,
Sector 51,Jan-Mar 2021,"5,008 - 7,197","6,103",2%,,,
Sector 51,Apr-Jun 2021,"4,992 - 7,232","6,112",,,,
Sector 51,Jul-Sep 2021,"4,896 - 7,036","5,966",-2%,,,
Sector 51,Oct-Dec 2021,"4,898 - 7,246","6,072",2%,,,
Sector 51,Jan-Mar 2022,"4,974 - 7,323","6,148",1.30%,,,
Sector 51,Apr-Jun 2022,"5,297 - 7,196","6,246",2%,,,
Sector 51,Jul-Sep 2022,"5,309 - 7,155","6,232",,,,
Sector 51,Oct-Dec 2022,"5,279 - 7,509","6,394",2.60%,,,
Sector 51,Jan-Mar 2023,"5,368 - 7,451","6,409",0.20%,,,
Sector 51,Apr-Jun 2023,"5,499 - 7,697","6,598",3%,,,
Sector 51,Jul-Sep 2023,"5,822 - 8,215","7,018",6.40%,,,
Sector 51,Oct-Dec 2023,"6,186 - 9,014","7,600",8.30%,,,
Sector 51,Jan-Mar 2024,"6,368 - 9,380","7,874",4%,,,
Sector 51,Apr-Jun 2024,"6,889 - 9,915","8,402",6.70%,,,
Sector 51,Jul-Sep 2024,"7,312 - 10,579","8,945",6.50%,,,
Sector 51,Oct-Dec 2024,"7,338 - 11,286","9,312",4.10%,,,
,,,,,,,
Sector 61,Oct-Dec 2024,"8,576-13,189","10,883",6%,,,
Sector 61,Jul-Sep 2024,"8,182-12,415","10,298",6%,,,
Sector 61,Apr-Jun 2024,"7,802-11,685","9,744",17%,,,
Sector 61,Jan-Mar 2024,"6,716-9,929","8,322",,,,
Sector 61,Oct-Dec 2023,"6,855-9,707","8,281",8%,,,
Sector 61,Jul-Sep 2023,"6,318-9,040","7,679",4%,,,
Sector 61,Apr-Jun 2023,"6,051-8,697","7,374",3%,,,
Sector 61,Jan-Mar 2023,"5,971-8,386","7,179",3%,,,
Sector 61,Oct-Dec 2022,"5,881-8,009","6,945",2%,,,
Sector 61,Jul-Sep 2022,"5,595-8,084","6,839",4%,,,
Sector 61,Apr-Jun 2022,"5,481-7,679","6,580",2%,,,
Sector 61,Jan-Mar 2022,"5,365-7,589","6,477",4%,,,
Sector 61,Oct-Dec 2021,"5,170-7,270","6,220",1%,,,
Sector 61,Jul-Sep 2021,"5,143-7,215","6,179",1%,,,
Sector 61,Apr-Jun 2021,"5,105-7,360","6,232",1%,,,
Sector 61,Jan-Mar 2021,"5,040-7,287","6,163",1%,,,
Sector 61,Oct-Dec 2020,"5,136-7,312","6,224",3%,,,
Sector 61,Jul-Sep 2020,"4,955-7,169","6,062",1%,,,
Sector 61,Apr-Jun 2020,"5,139-7,105","6,122",2%,,,
Sector 61,Jan-Mar 2020,"5,180-7,270","6,225",2%,,,
Sector 61,Oct-Dec 2019,"5,176-7,066","6,121",0.20%,,,
Sector 61,Jul-Sep 2019,"5,161-7,050","6,106",2%,,,
Sector 61,Apr-Jun 2019,"5,182-7,247","6,215",4%,,,
Sector 61,Jan-Mar 2019,"5,359-7,553","6,456",2%,,,
Sector 61,Oct-Dec 2018,"5,382-7,334","6,358",1%,,,
Sector 61,Jul-Sep 2018,"5,401-7,485","6,443",0.20%,,,
,,,,,,,
Sector 62,Oct-Dec 2024,"7,177-10,153","8,665",11%,,,
Sector 62,Jul-Sep 2024,"6,498-9,101","7,799",8%,,,
Sector 62,Apr-Jun 2024,"5,940-8,547","7,244",7%,,,
Sector 62,Jan-Mar 2024,"5,654-7,934","6,794",6%,,,
Sector 62,Oct-Dec 2023,"5,293-7,526","6,409",7%,,,
Sector 62,Jul-Sep 2023,"4,852-7,096","5,974",7%,,,
Sector 62,Apr-Jun 2023,"4,516-6,604","5,560",2%,,,
Sector 62,Jan-Mar 2023,"4,459-6,494","5,476",1%,,,
Sector 62,Oct-Dec 2022,"4,486-6,571","5,529",3%,,,
Sector 62,Jul-Sep 2022,"4,473-6,272","5,373",2%,,,
Sector 62,Apr-Jun 2022,"4,372-6,202","5,287",0.10%,,,
Sector 62,Jan-Mar 2022,"4,362-6,199","5,281",0.20%,,,
Sector 62,Oct-Dec 2021,"4,334-6,205","5,269",0.40%,,,
Sector 62,Jul-Sep 2021,"4,324-6,255","5,289",1%,,,
Sector 62,Apr-Jun 2021,"4,402-6,294","5,348",1%,,,
Sector 62,Jan-Mar 2021,"4,381-6,199","5,290",1%,,,
Sector 62,Oct-Dec 2020,"4,383-6,288","5,335",2%,,,
Sector 62,Jul-Sep 2020,"4,464-6,446","5,455",1%,,,
Sector 62,Apr-Jun 2020,"4,353-6,406","5,379",4%,,,
Sector 62,Jan-Mar 2020,"4,247-6,093","5,170",0.30%,,,
Sector 62,Oct-Dec 2019,"4,270-6,095","5,183",0.40%,,,
Sector 62,Jul-Sep 2019,"4,160-6,168","5,164",3%,,,
Sector 62,Apr-Jun 2019,"4,271-6,380","5,325",1%,,,
Sector 62,Jan-Mar 2019,"4,182-6,358","5,270",0.10%,,,
Sector 62,Oct-Dec 2018,"4,346-6,209","5,277",0.50%,,,
Sector 62,Jul-Sep 2018,"4,321-6,183","5,252",2%,,,
,,,,,,,
Sector 70,Jul-Sep 2018,"4,307 - 5,810","5,059",3%,,,
Sector 70,Oct-Dec 2018,"4,293 - 5,573","4,933",-2.50%,,,
Sector 70,Jan-Mar 2019,"4,061 - 5,438","4,750",-3.70%,,,
Sector 70,Apr-Jun 2019,"3,873 - 5,294","4,584",-3.50%,,,
Sector 70,Jul-Sep 2019,"3,928 - 5,376","4,652",2%,,,
Sector 70,Oct-Dec 2019,"3,921 - 5,338","4,629",-1%,,,
Sector 70,Jan-Mar 2020,"3,905 - 5,434","4,670",1%,,,
Sector 70,Apr-Jun 2020,"3,922 - 5,504","4,713",1%,,,
Sector 70,Jul-Sep 2020,"3,942 - 5,499","4,720",,,,
Sector 70,Oct-Dec 2020,"3,727 - 5,498","4,612",-2%,,,
Sector 70,Jan-Mar 2021,"3,823 - 5,518","4,670",1.30%,,,
Sector 70,Apr-Jun 2021,"3,651 - 5,557","4,604",-1%,,,
Sector 70,Jul-Sep 2021,"3,706 - 5,725","4,715",2%,,,
Sector 70,Oct-Dec 2021,"3,823 - 5,693","4,758",1%,,,
Sector 70,Jan-Mar 2022,"3,878 - 5,686","4,782",1%,,,
Sector 70,Apr-Jun 2022,"4,004 - 5,524","4,764",,,,
Sector 70,Jul-Sep 2022,"3,969 - 5,985","4,977",5%,,,
Sector 70,Oct-Dec 2022,"4,245 - 6,001","5,123",2.90%,,,
Sector 70,Jan-Mar 2023,"4,573 - 6,134","5,354",5%,,,
Sector 70,Apr-Jun 2023,"4,420 - 6,418","5,419",1%,,,
Sector 70,Jul-Sep 2023,"4,699 - 6,845","5,772",6.50%,,,
Sector 70,Oct-Dec 2023,"5,166 - 7,243","6,205",8%,,,
Sector 70,Jan-Mar 2024,"5,900 - 8,430","7,165",16%,,,
Sector 70,Apr-Jun 2024,"6,250 - 9,100","7,675",7%,,,
Sector 70,Jul-Sep 2024,"6,717 - 9,939","8,328",9%,,,
Sector 70,Oct-Dec 2024,"7,080 - 9,942","8,511",2%,,,
,,,,,,,
Sector 73,Jul-Sep 2018,"2,113 - 3,414","2,764",2%,,,
Sector 73,Oct-Dec 2018,"2,431 - 3,643","3,037",10%,,,
Sector 73,Jan-Mar 2019,"2,450 - 3,710","3,080",1%,,,
Sector 73,Apr-Jun 2019,"2,505 - 3,779","3,142",2%,,,
Sector 73,Jul-Sep 2019,"2,601 - 3,837","3,219",3%,,,
Sector 73,Oct-Dec 2019,"2,555 - 3,850","3,202",-1%,,,
Sector 73,Jan-Mar 2020,"2,362 - 3,966","3,164",-1%,,,
Sector 73,Apr-Jun 2020,"2,570 - 4,075","3,323",5%,,,
Sector 73,Jul-Sep 2020,"2,693 - 4,306","3,500",5%,,,
Sector 73,Oct-Dec 2020,"2,749 - 4,318","3,533",1%,,,
Sector 73,Jan-Mar 2021,"2,748 - 4,389","3,569",1%,,,
Sector 73,Apr-Jun 2021,"2,592 - 4,181","3,386",-5%,,,
Sector 73,Jul-Sep 2021,"2,419 - 3,914","3,166",-7%,,,
Sector 73,Oct-Dec 2021,"2,647 - 4,101","3,374",7%,,,
Sector 73,Jan-Mar 2022,"2,625 - 3,997","3,311",-2%,,,
Sector 73,Apr-Jun 2022,"2,559 - 3,967","3,263",-2%,,,
Sector 73,Jul-Sep 2022,"2,703 - 4,040","3,372",3%,,,
Sector 73,Oct-Dec 2022,"2,583 - 3,942","3,262",-3.30%,,,
Sector 73,Jan-Mar 2023,"2,537 - 3,944","3,241",-0.60%,,,
Sector 73,Apr-Jun 2023,"2,661 - 3,743","3,202",-1.20%,,,
Sector 73,Jul-Sep 2023,"2,578 - 4,000","3,289",2.70%,,,
Sector 73,Oct-Dec 2023,"2,787 - 4,359","3,573",8.60%,,,
Sector 73,Jan-Mar 2024,"2,676 - 4,014","3,345",-6.40%,,,
Sector 73,Apr-Jun 2024,"2,783 - 4,515","3,649",9.10%,,,
Sector 73,Jul-Sep 2024,"2,787 - 4,715","3,751",3%,,,
Sector 73,Oct-Dec 2024,"2,926 - 4,767","3,846",3%,,,
,,,,,,,
Sector 74,Jul-Sep 2018,"4,325 - 5,435","4,880",1%,,,
Sector 74,Oct-Dec 2018,"4,388 - 5,396","4,892",,,,
Sector 74,Jan-Mar 2019,"4,401 - 5,382","4,892",,,,
Sector 74,Apr-Jun 2019,"4,368 - 5,386","4,877",,,,
Sector 74,Jul-Sep 2019,"4,407 - 5,482","4,945",1%,,,
Sector 74,Oct-Dec 2019,"4,364 - 5,533","4,948",,,,
Sector 74,Jan-Mar 2020,"4,395 - 5,576","4,985",1%,,,
Sector 74,Apr-Jun 2020,"4,356 - 5,640","4,998",0%,,,
Sector 74,Jul-Sep 2020,"4,377 - 5,675","5,026",1%,,,
Sector 74,Oct-Dec 2020,"4,391 - 5,572","4,981",-1%,,,
Sector 74,Jan-Mar 2021,"4,414 - 5,631","5,022",1%,,,
Sector 74,Apr-Jun 2021,"4,444 - 5,742","5,093",1.40%,,,
Sector 74,Jul-Sep 2021,"4,504 - 5,873","5,189",2%,,,
Sector 74,Oct-Dec 2021,"4,498 - 6,024","5,261",1%,,,
Sector 74,Jan-Mar 2022,"4,504 - 6,017","5,261",0%,,,
Sector 74,Apr-Jun 2022,"4,628 - 6,163","5,395",3%,,,
Sector 74,Jul-Sep 2022,"4,679 - 6,448","5,564",3%,,,
Sector 74,Oct-Dec 2022,"4,801 - 6,781","5,791",4%,,,
Sector 74,Jan-Mar 2023,"4,993 - 6,846","5,920",2.20%,,,
Sector 74,Apr-Jun 2023,"5,176 - 7,111","6,143",4%,,,
Sector 74,Jul-Sep 2023,"5,413 - 7,774","6,593",7.30%,,,
Sector 74,Oct-Dec 2023,"5,678 - 8,168","6,923",5%,,,
Sector 74,Jan-Mar 2024,"5,883 - 8,368","7,126",2.90%,,,
Sector 74,Apr-Jun 2024,"6,228 - 9,247","7,737",8.60%,,,
Sector 74,Jul-Sep 2024,"6,400 - 9,826","8,113",4.90%,,,
Sector 74,Oct-Dec 2024,"6,694 - 10,122","8,408",4%,,,
,,,,,,,
Sector 75,Oct-Dec 2024,"11,497-17,851","14,674",4%,,,
Sector 75,Jul-Sep 2024,"10,897-17,369","14,133",12%,,,
Sector 75,Apr-Jun 2024,"9,355-15,870","12,612",12%,,,
Sector 75,Jan-Mar 2024,"8,365-14,077","11,221",9%,,,
Sector 75,Oct-Dec 2023,"7,635-12,880","10,257",16%,,,
Sector 75,Jul-Sep 2023,"6,607-11,025","8,816",5%,,,
Sector 75,Apr-Jun 2023,"6,214-10,614","8,414",6%,,,
Sector 75,Jan-Mar 2023,"5,911-10,029","7,970",6%,,,
Sector 75,Oct-Dec 2022,"5,599-9,451","7,525",7%,,,
Sector 75,Jul-Sep 2022,"5,206-8,820","7,013",6%,,,
Sector 75,Apr-Jun 2022,"5,028-8,185","6,607",8%,,,
Sector 75,Jan-Mar 2022,"4,741-7,460","6,100",3%,,,
Sector 75,Oct-Dec 2021,"4,620-7,240","5,930",1%,,,
Sector 75,Jul-Sep 2021,"4,643-7,078","5,860",4%,,,
Sector 75,Apr-Jun 2021,"4,498-6,719","5,609",0.50%,,,
Sector 75,Jan-Mar 2021,"4,431-6,734","5,582",2%,,,
Sector 75,Oct-Dec 2020,"4,368-6,598","5,483",3%,,,
Sector 75,Jul-Sep 2020,"4,234-6,414","5,324",1%,,,
Sector 75,Apr-Jun 2020,"4,242-6,314","5,278",1%,,,
Sector 75,Jan-Mar 2020,"4,250-6,384","5,317",1%,,,
Sector 75,Oct-Dec 2019,"4,256-6,313","5,284",1%,,,
Sector 75,Jul-Sep 2019,"4,227-6,282","5,254",1%,,,
Sector 75,Apr-Jun 2019,"4,274-6,118","5,196",1%,,,
Sector 75,Jan-Mar 2019,"4,234-6,056","5,145",2%,,,
Sector 75,Oct-Dec 2018,"4,123-5,999","5,061",,,,
Sector 75,Jul-Sep 2018,"4,185-5,928","5,056",0.40%,,,
,,,,,,,
Sector 76,Oct-Dec 2024,"7,444-10,201","8,822",5%,,,
Sector 76,Jul-Sep 2024,"7,064-9,774","8,419",7%,,,
Sector 76,Apr-Jun 2024,"6,591-9,186","7,888",9%,,,
Sector 76,Jan-Mar 2024,"6,025-8,465","7,245",8%,,,
Sector 76,Oct-Dec 2023,"5,780-7,673","6,727",5%,,,
Sector 76,Jul-Sep 2023,"5,446-7,331","6,389",6%,,,
Sector 76,Apr-Jun 2023,"5,138-6,951","6,045",6%,,,
Sector 76,Jan-Mar 2023,"4,903-6,495","5,699",2%,,,
Sector 76,Oct-Dec 2022,"4,907-6,297","5,602",2%,,,
Sector 76,Jul-Sep 2022,"4,795-6,226","5,511",2%,,,
Sector 76,Apr-Jun 2022,"4,691-6,125","5,408",0.10%,,,
Sector 76,Jan-Mar 2022,"4,641-6,164","5,402",1%,,,
Sector 76,Oct-Dec 2021,"4,597-6,117","5,357",0.50%,,,
Sector 76,Jul-Sep 2021,"4,458-6,203","5,331",2%,,,
Sector 76,Apr-Jun 2021,"4,388-6,092","5,240",1%,,,
Sector 76,Jan-Mar 2021,"4,371-5,971","5,171",2%,,,
Sector 76,Oct-Dec 2020,"4,575-5,960","5,268",1%,,,
Sector 76,Jul-Sep 2020,"4,567-6,106","5,337",1%,,,
Sector 76,Apr-Jun 2020,"4,648-6,131","5,389",4%,,,
Sector 76,Jan-Mar 2020,"4,567-5,839","5,203",,,,
Sector 76,Oct-Dec 2019,"4,476-5,923","5,199",1%,,,
Sector 76,Jul-Sep 2019,"4,530-5,951","5,240",,,,
Sector 76,Apr-Jun 2019,"4,534-5,895","5,214",1%,,,
Sector 76,Jan-Mar 2019,"4,489-5,796","5,142",0.20%,,,
Sector 76,Oct-Dec 2018,"4,408-5,896","5,152",0.40%,,,
Sector 76,Jul-Sep 2018,"4,429-5,836","5,132",1%,,,
,,,,,,,
Sector 77,Oct-Dec 2024,"8,727-13,108","10,917",5%,,,
Sector 77,Jul-Sep 2024,"8,340-12,500","10,420",9%,,,
Sector 77,Apr-Jun 2024,"7,712-11,401","9,557",8%,,,
Sector 77,Jan-Mar 2024,"6,993-10,660","8,827",10%,,,
Sector 77,Oct-Dec 2023,"6,263-9,858","8,060",11%,,,
Sector 77,Jul-Sep 2023,"5,746-8,813","7,279",6%,,,
Sector 77,Apr-Jun 2023,"5,633-8,053","6,843",4%,,,
Sector 77,Jan-Mar 2023,"5,506-7,703","6,604",5%,,,
Sector 77,Oct-Dec 2022,"5,258-7,371","6,315",5%,,,
Sector 77,Jul-Sep 2022,"5,116-6,884","6,000",2%,,,
Sector 77,Apr-Jun 2022,"5,006-6,710","5,858",1%,,,
Sector 77,Jan-Mar 2022,"4,916-6,629","5,773",3%,,,
Sector 77,Oct-Dec 2021,"4,884-6,347","5,616",1%,,,
Sector 77,Jul-Sep 2021,"4,816-6,354","5,585",2%,,,
Sector 77,Apr-Jun 2021,"4,714-6,284","5,499",1%,,,
Sector 77,Jan-Mar 2021,"4,629-6,216","5,423",0.40%,,,
Sector 77,Oct-Dec 2020,"4,614-6,187","5,401",0.20%,,,
Sector 77,Jul-Sep 2020,"4,666-6,117","5,391",1%,,,
Sector 77,Apr-Jun 2020,"4,711-6,130","5,421",1%,,,
Sector 77,Jan-Mar 2020,"4,671-6,036","5,353",1%,,,
Sector 77,Oct-Dec 2019,"4,617-5,951","5,284",2%,,,
Sector 77,Jul-Sep 2019,"4,595-6,185","5,390",1%,,,
Sector 77,Apr-Jun 2019,"4,583-6,066","5,324",2%,,,
Sector 77,Jan-Mar 2019,"4,726-6,105","5,416",0.30%,,,
Sector 77,Oct-Dec 2018,"4,671-6,128","5,399",1%,,,
Sector 77,Jul-Sep 2018,"4,640-6,100","5,370",1%,,,
,,,,,,,
Sector 78,Oct-Dec 2024,"8,057-13,421","10,739",4%,,,
Sector 78,Jul-Sep 2024,"7,710-12,959","10,335",6%,,,
Sector 78,Apr-Jun 2024,"7,210-12,364","9,787",4%,,,
Sector 78,Jan-Mar 2024,"6,857-11,966","9,411",10%,,,
Sector 78,Oct-Dec 2023,"6,121-10,954","8,538",6%,,,
Sector 78,Jul-Sep 2023,"5,812-10,344","8,078",10%,,,
Sector 78,Apr-Jun 2023,"5,351-9,383","7,367",5%,,,
Sector 78,Jan-Mar 2023,"5,186-8,851","7,018",1%,,,
Sector 78,Oct-Dec 2022,"5,063-8,847","6,955",6%,,,
Sector 78,Jul-Sep 2022,"4,844-8,304","6,574",2%,,,
Sector 78,Apr-Jun 2022,"4,773-8,081","6,427",8%,,,
Sector 78,Jan-Mar 2022,"4,637-7,300","5,968",0.20%,,,
Sector 78,Oct-Dec 2021,"4,664-7,294","5,979",0.50%,,,
Sector 78,Jul-Sep 2021,"4,622-7,279","5,950",2%,,,
Sector 78,Apr-Jun 2021,"4,500-7,182","5,841",3%,,,
Sector 78,Jan-Mar 2021,"4,434-6,900","5,667",2%,,,
Sector 78,Oct-Dec 2020,"4,393-6,735","5,564",3%,,,
Sector 78,Jul-Sep 2020,"4,482-6,939","5,711",1%,,,
Sector 78,Apr-Jun 2020,"4,420-6,902","5,661",3%,,,
Sector 78,Jan-Mar 2020,"4,342-6,654","5,498",1%,,,
Sector 78,Oct-Dec 2019,"4,419-6,694","5,557",1%,,,
Sector 78,Jul-Sep 2019,"4,445-6,742","5,594",2%,,,
Sector 78,Apr-Jun 2019,"4,396-6,551","5,474",2%,,,
Sector 78,Jan-Mar 2019,"4,394-6,386","5,390",2%,,,
Sector 78,Oct-Dec 2018,"4,465-6,512","5,489",1%,,,
Sector 78,Jul-Sep 2018,"4,445-6,374","5,410",1%,,,
,,,,,,,
Sector 78 Main Road,Jul-Sep 2018,"4,800 - 7,600","6,200",-,,,
Sector 78 Main Road,Oct-Dec 2018,"5,040 - 8,000","6,520",5%,,,
Sector 78 Main Road,Jan-Mar 2019,"5,292 - 8,416","6,854",5.10%,,,
Sector 78 Main Road,Apr-Jun 2019,"5,556 - 8,848","7,202",5.10%,,,
Sector 78 Main Road,Jul-Sep 2019,"5,834 - 9,295","7,564",5%,,,
Sector 78 Main Road,Oct-Dec 2019,"6,126 - 9,760","7,943",5%,,,
Sector 78 Main Road,Jan-Mar 2020,"6,432 - 10,248","8,340",5%,,,
Sector 78 Main Road,Apr-Jun 2020,"6,600 - 10,500","8,550",2.50%,,,
Sector 78 Main Road,Jul-Sep 2020,"6,732 - 10,739","8,736",2.20%,,,
Sector 78 Main Road,Oct-Dec 2020,"6,867 - 10,989","8,928",2.20%,,,
Sector 78 Main Road,Jan-Mar 2021,"7,004 - 11,248","9,126",2.20%,,,
Sector 78 Main Road,Apr-Jun 2021,"7,144 - 11,518","9,331",2.30%,,,
Sector 78 Main Road,Jul-Sep 2021,"7,287 - 11,798","9,544",2.30%,,,
Sector 78 Main Road,Oct-Dec 2021,"7,433 - 12,088","9,765",2.30%,,,
Sector 78 Main Road,Jan-Mar 2022,"7,582 - 12,390","9,994",2.30%,,,
Sector 78 Main Road,Apr-Jun 2022,"7,734 - 12,703","10,232",2.40%,,,
Sector 78 Main Road,Jul-Sep 2022,"7,889 - 13,028","10,479",2.40%,,,
Sector 78 Main Road,Oct-Dec 2022,"8,047 - 13,363","10,735",2.40%,,,
Sector 78 Main Road,Jan-Mar 2023,"8,208 - 13,710","11,000",2.50%,,,
Sector 78 Main Road,Apr-Jun 2023,"8,372 - 14,068","11,275",2.50%,,,
Sector 78 Main Road,Jul-Sep 2023,"8,540 - 14,439","11,560",2.50%,,,
Sector 78 Main Road,Oct-Dec 2023,"8,711 - 14,820","11,854",2.50%,,,
Sector 78 Main Road,Jan-Mar 2024,"7,340 - 11,747","9,544",-19.50%,,,
Sector 78 Main Road,Apr-Jun 2024,"7,340 - 11,747","9,544",,,,
Sector 78 Main Road,Jul-Sep 2024,"8,000 - 12,800","10,400",9%,,,
Sector 78 Main Road,Oct-Dec 2024,"8,352 - 13,251","10,802",3.90%,,,
,,,,,,,
Sector 79,Oct-Dec 2024,"10,654-15,034","12,844",3%,,,
Sector 79,Jul-Sep 2024,"10,274-14,688","12,481",10%,,,
Sector 79,Apr-Jun 2024,"9,064-13,679","11,371",7%,,,
Sector 79,Jan-Mar 2024,"8,405-12,929","10,667",6%,,,
Sector 79,Oct-Dec 2023,"7,895-12,154","10,024",10%,,,
Sector 79,Jul-Sep 2023,"7,285-11,007","9,146",9%,,,
Sector 79,Apr-Jun 2023,"6,648-10,123","8,386",4%,,,
Sector 79,Jan-Mar 2023,"6,631-9,567","8,099",2%,,,
Sector 79,Oct-Dec 2022,"6,667-9,276","7,972",9%,,,
Sector 79,Jul-Sep 2022,"6,020-8,628","7,324",5%,,,
Sector 79,Apr-Jun 2022,"5,859-8,078","6,968",6%,,,
Sector 79,Jan-Mar 2022,"5,567-7,552","6,559",3%,,,
Sector 79,Oct-Dec 2021,"5,397-7,356","6,376",2%,,,
Sector 79,Jul-Sep 2021,"5,464-7,025","6,245",4%,,,
Sector 79,Apr-Jun 2021,"5,236-6,747","5,992",1%,,,
Sector 79,Jan-Mar 2021,"5,171-6,652","5,912",2%,,,
Sector 79,Oct-Dec 2020,"5,047-6,498","5,772",0.20%,,,
Sector 79,Jul-Sep 2020,"4,904-6,663","5,783",2%,,,
Sector 79,Apr-Jun 2020,"4,728-6,565","5,646",,,,
Sector 79,Jan-Mar 2020,"4,729-6,619","5,674",4%,,,
Sector 79,Oct-Dec 2019,"4,462-6,404","5,433",2%,,,
Sector 79,Jul-Sep 2019,"4,497-6,135","5,316",2%,,,
Sector 79,Apr-Jun 2019,"4,292-6,149","5,220",4%,,,
Sector 79,Jan-Mar 2019,"4,130-5,896","5,013",2%,,,
Sector 79,Oct-Dec 2018,"4,170-5,630","4,900",1%,,,
Sector 79,Jul-Sep 2018,"4,028-5,658","4,843",1%,,,
,,,,,,,
Sector 82,Jul-Sep 2018,"4,196 - 5,814","5,005",-,,,
Sector 82,Oct-Dec 2018,"4,234 - 5,780","5,007",,,,
Sector 82,Jan-Mar 2019,"4,309 - 5,992","5,151",3%,,,
Sector 82,Apr-Jun 2019,"4,352 - 6,050","5,201",1%,,,
Sector 82,Jul-Sep 2019,"4,393 - 6,056","5,224",,,,
Sector 82,Oct-Dec 2019,"4,514 - 5,961","5,237",,,,
Sector 82,Jan-Mar 2020,"4,457 - 5,851","5,154",-2%,,,
Sector 82,Apr-Jun 2020,"4,507 - 5,939","5,223",1%,,,
Sector 82,Jul-Sep 2020,"4,404 - 5,914","5,159",-1%,,,
Sector 82,Oct-Dec 2020,"4,309 - 5,827","5,068",-2%,,,
Sector 82,Jan-Mar 2021,"4,363 - 5,946","5,155",2%,,,
Sector 82,Apr-Jun 2021,"4,339 - 5,961","5,150",0%,,,
Sector 82,Jul-Sep 2021,"4,329 - 6,067","5,198",1%,,,
Sector 82,Oct-Dec 2021,"4,393 - 6,204","5,299",2%,,,
Sector 82,Jan-Mar 2022,"4,429 - 6,238","5,333",1%,,,
Sector 82,Apr-Jun 2022,"4,549 - 6,643","5,596",5%,,,
Sector 82,Jul-Sep 2022,"4,643 - 6,667","5,655",1%,,,
Sector 82,Oct-Dec 2022,"4,671 - 6,839","5,755",2%,,,
Sector 82,Jan-Mar 2023,"4,919 - 6,846","5,883",2%,,,
Sector 82,Apr-Jun 2023,"5,268 - 7,686","6,477",10%,,,
Sector 82,Jul-Sep 2023,"5,281 - 7,946","6,613",2.00%,,,
Sector 82,Oct-Dec 2023,"5,281 - 8,087","6,684",1.00%,,,
Sector 82,Jan-Mar 2024,"5,512 - 9,062","7,287",9%,,,
Sector 82,Apr-Jun 2024,"6,338 - 9,351","7,845",8%,,,
Sector 82,Jul-Sep 2024,"6,517 - 9,836","8,176",4%,,,
Sector 82,Oct-Dec 2024,"7,416 - 10,640","9,028",10%,,,
,,,,,,,
Sector 93,Oct-Dec 2024,"10,849-17,603","14,226",5%,,,
Sector 93,Jul-Sep 2024,"10,091-17,018","13,555",13%,,,
Sector 93,Apr-Jun 2024,"9,150-14,891","12,020",6%,,,
Sector 93,Jan-Mar 2024,"8,563-14,179","11,371",4%,,,
Sector 93,Oct-Dec 2023,"8,071-13,771","10,921",16%,,,
Sector 93,Jul-Sep 2023,"7,044-11,810","9,427",13%,,,
Sector 93,Apr-Jun 2023,"6,282-10,351","8,317",2%,,,
Sector 93,Jan-Mar 2023,"6,032-10,347","8,190",4%,,,
Sector 93,Oct-Dec 2022,"5,835-9,875","7,855",2%,,,
Sector 93,Jul-Sep 2022,"5,639-9,752","7,696",6%,,,
Sector 93,Apr-Jun 2022,"5,261-9,304","7,283",10%,,,
Sector 93,Jan-Mar 2022,"4,883-8,313","6,598",7%,,,
Sector 93,Oct-Dec 2021,"4,596-7,684","6,140",3%,,,
Sector 93,Jul-Sep 2021,"4,472-7,477","5,975",2%,,,
Sector 93,Apr-Jun 2021,"4,502-7,211","5,857",1%,,,
Sector 93,Jan-Mar 2021,"4,493-7,340","5,917",,,,
Sector 93,Oct-Dec 2020,"4,502-7,342","5,922",4%,,,
Sector 93,Jul-Sep 2020,"4,418-6,944","5,681",5%,,,
Sector 93,Apr-Jun 2020,"4,398-7,564","5,981",2%,,,
Sector 93,Jan-Mar 2020,"4,495-7,215","5,855",5%,,,
Sector 93,Oct-Dec 2019,"4,251-6,864","5,557",2%,,,
Sector 93,Jul-Sep 2019,"4,423-6,865","5,644",0.20%,,,
Sector 93,Apr-Jun 2019,"4,472-6,841","5,656",6%,,,
Sector 93,Jan-Mar 2019,"4,499-7,493","5,996",0.40%,,,
Sector 93,Oct-Dec 2018,"4,534-7,510","6,022",1%,,,
Sector 93,Jul-Sep 2018,"4,466-7,456","5,961",2%,,,
,,,,,,,
Sector 93A,Oct-Dec 2024,"10,945-17,433","14,189",9%,,,
Sector 93A,Jul-Sep 2024,"10,012-16,099","13,056",9%,,,
Sector 93A,Apr-Jun 2024,"9,313-14,638","11,976",7%,,,
Sector 93A,Jan-Mar 2024,"8,503-13,896","11,200",1%,,,
Sector 93A,Oct-Dec 2023,"8,465-14,061","11,263",16%,,,
Sector 93A,Jul-Sep 2023,"7,352-12,001","9,676",12%,,,
Sector 93A,Apr-Jun 2023,"6,568-10,788","8,678",2%,,,
Sector 93A,Jan-Mar 2023,"6,234-10,745","8,489",2%,,,
Sector 93A,Oct-Dec 2022,"6,073-10,553","8,313",8%,,,
Sector 93A,Jul-Sep 2022,"5,664-9,763","7,714",4%,,,
Sector 93A,Apr-Jun 2022,"5,161-9,612","7,387",3%,,,
Sector 93A,Jan-Mar 2022,"4,817-9,540","7,178",10%,,,
Sector 93A,Oct-Dec 2021,"4,558-8,542","6,550",6%,,,
Sector 93A,Jul-Sep 2021,"4,554-9,377","6,966",21%,,,
Sector 93A,Apr-Jun 2021,"4,199-7,337","5,768",1%,,,
Sector 93A,Jan-Mar 2021,"4,216-7,227","5,721",4%,,,
Sector 93A,Oct-Dec 2020,"4,283-6,755","5,519",1%,,,
Sector 93A,Jul-Sep 2020,"4,210-6,886","5,548",9%,,,
Sector 93A,Apr-Jun 2020,"4,225-7,965","6,095",5%,,,
Sector 93A,Jan-Mar 2020,"4,457-7,186","5,822",5%,,,
Sector 93A,Oct-Dec 2019,"4,078-8,140","6,109",5%,,,
Sector 93A,Jul-Sep 2019,"4,249-7,397","5,823",5%,,,
Sector 93A,Apr-Jun 2019,"4,348-6,699","5,523",18%,,,
Sector 93A,Jan-Mar 2019,"4,431-9,096","6,764",13%,,,
Sector 93A,Oct-Dec 2018,"4,269-7,652","5,961",6%,,,
Sector 93A,Jul-Sep 2018,"4,404-6,809","5,606",,,,
,,,,,,,
Sector 93B,Oct-Dec 2024,"12,493-20,038","16,265",4%,,,
Sector 93B,Jul-Sep 2024,"13,403-20,484","16,944",8%,,,
Sector 93B,Apr-Jun 2024,"11,770-19,641","15,706",20%,,,
Sector 93B,Jan-Mar 2024,"9,564-16,554","13,059",,,,
Sector 93B,Oct-Dec 2023,-,-,,,,
Sector 93B,Jul-Sep 2023,"6,315-10,663","8,489",3%,,,
Sector 93B,Apr-Jun 2023,"6,161-10,258","8,210",11%,,,
Sector 93B,Jan-Mar 2023,"6,807-11,574","9,190",11%,,,
Sector 93B,Oct-Dec 2022,"5,956-10,583","8,270",3%,,,
Sector 93B,Jul-Sep 2022,"6,276-10,844","8,560",6%,,,
Sector 93B,Apr-Jun 2022,"5,770-10,398","8,084",9%,,,
Sector 93B,Jan-Mar 2022,"5,507-9,282","7,395",16%,,,
Sector 93B,Oct-Dec 2021,"5,166-7,534","6,350",4%,,,
Sector 93B,Jul-Sep 2021,"5,162-8,000","6,581",7%,,,
Sector 93B,Apr-Jun 2021,"5,301-8,902","7,101",5%,,,
Sector 93B,Jan-Mar 2021,"5,492-9,499","7,495",0.40%,,,
Sector 93B,Oct-Dec 2020,"5,455-9,475","7,465",7%,,,
Sector 93B,Jul-Sep 2020,"5,291-8,663","6,977",0.30%,,,
Sector 93B,Apr-Jun 2020,"5,256-8,740","6,998",5%,,,
Sector 93B,Jan-Mar 2020,"5,032-8,266","6,649",4%,,,
Sector 93B,Oct-Dec 2019,"5,268-8,617","6,943",2%,,,
Sector 93B,Jul-Sep 2019,"5,275-8,835","7,055",3%,,,
Sector 93B,Apr-Jun 2019,"5,180-8,523","6,851",2%,,,
Sector 93B,Jan-Mar 2019,"5,076-8,337","6,707",6%,,,
Sector 93B,Oct-Dec 2018,"5,318-9,012","7,165",5%,,,
Sector 93B,Jul-Sep 2018,"5,588-9,434","7,511",2%,,,
,,,,,,,
Sector 94,Jul-Sep 2018,"7,800 - 10,950","9,375",2%,,,
Sector 94,Oct-Dec 2018,"8,000 - 11,200","9,600",2%,,,
Sector 94,Jan-Mar 2019,"8,200 - 11,500","9,850",3%,,,
Sector 94,Apr-Jun 2019,"8,500 - 12,000","10,250",4%,,,
Sector 94,Jul-Sep 2019,"9,894 - 13,419","11,657",14%,,,
Sector 94,Oct-Dec 2019,"9,304 - 12,803","11,053",5%,,,
Sector 94,Jan-Mar 2020,"9,348 - 13,376","11,362",3%,,,
Sector 94,Apr-Jun 2020,"9,499 - 13,499","11,499",1%,,,
Sector 94,Jul-Sep 2020,"8,555 - 12,657","10,606",8%,,,
Sector 94,Oct-Dec 2020,"8,404 - 12,714","10,559",0%,,,
Sector 94,Jan-Mar 2021,"8,828 - 12,483","10,656",1%,,,
Sector 94,Apr-Jun 2021,"8,680 - 12,218","10,449",2%,,,
Sector 94,Jul-Sep 2021,"8,442 - 11,963","10,203",2%,,,
Sector 94,Oct-Dec 2021,"8,405 - 11,340","9,873",3%,,,
Sector 94,Jan-Mar 2022,"8,330 - 11,678","10,004",1%,,,
Sector 94,Apr-Jun 2022,"8,447 - 11,733","10,090",1%,,,
Sector 94,Jul-Sep 2022,"8,242 - 11,691","9,967",1.00%,,,
Sector 94,Oct-Dec 2022,"8,955 - 13,896","11,425",15%,,,
Sector 94,Jan-Mar 2023,"8,960 - 13,902","11,431",,,,
Sector 94,Apr-Jun 2023,"9,334 - 17,935","13,635",19%,,,
Sector 94,Jul-Sep 2023,"13,144 - 20,996","17,070",25%,,,
Sector 94,Oct-Dec 2023,"13,139 - 21,347","17,243",1%,,,
Sector 94,Jan-Mar 2024,"13,378 - 21,632","17,505",2%,,,
Sector 94,Apr-Jun 2024,"12,051 - 21,497","16,774",4%,,,
Sector 94,Jul-Sep 2024,"14,519 - 23,686","19,103",14%,,,
Sector 94,Oct-Dec 2024,"14,952 - 24,236","19,594",3%,,,
,,,,,,,
Sultanpur,Jul-Sep 2018,"4,851 - 8,005","6,428",3%,,,
Sultanpur,Oct-Dec 2018,"4,619 - 8,180","6,399",0.50%,,,
Sultanpur,Jan-Mar 2019,"4,825 - 8,464","6,644",4%,,,
Sultanpur,Apr-Jun 2019,"4,751 - 8,322","6,537",2%,,,
Sultanpur,Jul-Sep 2019,"4,682 - 7,958","6,320",3%,,,
Sultanpur,Oct-Dec 2019,"4,735 - 8,042","6,388",1%,,,
Sultanpur,Jan-Mar 2020,"4,533 - 6,999","5,766",10%,,,
Sultanpur,Apr-Jun 2020,"4,630 - 6,935","5,783",0%,,,
Sultanpur,Jul-Sep 2020,"4,600 - 6,900","5,750",-1%,,,
Sultanpur,Oct-Dec 2020,"4,650 - 7,000","5,825",1%,,,
Sultanpur,Jan-Mar 2021,"4,324 - 6,940","5,632",-3%,,,
Sultanpur,Apr-Jun 2021,"4,450 - 7,200","5,825",3%,,,
Sultanpur,Jul-Sep 2021,"4,571 - 7,604","6,088",5%,,,
Sultanpur,Oct-Dec 2021,"4,766 - 8,879","6,822",12%,,,
Sultanpur,Jan-Mar 2022,"5,030 - 9,298","7,164",5%,,,
Sultanpur,Apr-Jun 2022,"6,270 - 10,332","8,301",16%,,,
Sultanpur,Jul-Sep 2022,"7,085 - 11,741","9,413",13%,,,
Sultanpur,Oct-Dec 2022,"7,197 - 11,932","9,564",2%,,,
Sultanpur,Jan-Mar 2023,"7,486 - 12,394","9,940",4.00%,,,
Sultanpur,Apr-Jun 2023,"8,104 - 13,273","10,689",8%,,,
Sultanpur,Jul-Sep 2023,"9,135 - 14,564","11,850",11%,,,
Sultanpur,Oct-Dec 2023,"9,419 - 15,527","12,473",5%,,,
Sultanpur,Jan-Mar 2024,"9,528 - 15,223","12,375",1%,,,
Sultanpur,Apr-Jun 2024,"10,079 - 15,001","12,540",1%,,,
Sultanpur,Jul-Sep 2024,"9,781 - 15,291","12,536",,,,
Sultanpur,Oct-Dec 2024,"9,740 - 16,623","13,182",5%,,,
