,Locality,Start_Price,End_Price,CAGR,CAGR (%)
0,90 feet road,15500.0,22666.0,0.06538652053455563,6.54
1,aarey road,15600.0,21545.0,0.05528634039827374,5.53
2,adi shankaracharya marg,26700.0,22462.0,-0.02839547909268325,-2.84
3,agripada,30110.0,24323.0,-0.03494722461782307,-3.49
4,akurli nagar,13473.0,20989.0,0.0766831248610711,7.67
5,akurli road,8000.0,20392.0,0.1687679824614441,16.88
6,ambedkar road,9000.0,18806.0,0.13068679552963314,13.07
7,amboli,21256.0,22588.0,0.010181411993017697,1.02
8,andheri,21148.0,26188.0,0.036268201442305914,3.63
9,andheri east,17907.0,21975.0,0.03470768577048955,3.47
10,andheri kurla road,13000.0,21801.0,0.089989155533994,9.0
11,andheri west,22867.0,27506.0,0.031263644812540514,3.13
12,antop hill road,4000.0,27117.0,0.3757207093602897,37.57
13,azad nagar andheri west,17670.0,23892.0,0.05156468528802072,5.16
14,babrekar nagar kandivali west,6250.0,15368.0,0.1617773068326116,16.18
15,bandra,33315.0,36504.0,0.015352337637422497,1.54
16,bandra east,29840.0,32957.0,0.01669684422771822,1.67
17,bandra kurla complex,30153.0,41451.0,0.054469641454381934,5.45
18,bandra west,42256.0,43608.0,0.005262844401851652,0.53
19,bangur nagar,17987.0,24040.0,0.049532652770570174,4.95
20,best nagar goregaon west,17334.0,22249.0,0.042482125608946486,4.25
21,bhandup,14863.0,17323.0,0.025855295408551804,2.59
22,bhandup east,15470.0,18848.0,0.03346512720579775,3.35
23,bhandup west,14916.0,16848.0,0.020507019953240446,2.05
24,bhaudaji road,11700.0,37957.0,0.2167023205307499,21.67
25,bhayandar,8567.0,9507.0,0.01750320960490992,1.75
26,bhayandar east,7981.0,9210.0,0.02415821572775556,2.42
27,bhayandar west,8800.0,10430.0,0.02872731793689165,2.87
28,bolinj road,4250.0,5997.0,0.05906883044757172,5.91
29,bolinj sopara road,3875.0,5407.0,0.057095223476195,5.71
30,boraspada road,16400.0,18660.0,0.021749965910256464,2.17
31,borivali,16446.0,22063.0,0.05018879397906639,5.02
32,borivali east,15425.0,21374.0,0.05586916066102776,5.59
33,borivali west,17343.0,22908.0,0.047475382446766634,4.75
34,breach candy,59257.0,55347.0,-0.011312437583002044,-1.13
35,byculla,28433.0,37590.0,0.04763083712488991,4.76
36,byculla east,18500.0,34237.0,0.10803631872590835,10.8
37,byculla west,20500.0,40935.0,0.12216526670356176,12.22
38,captain prakash pethe marg,18500.0,58035.0,0.20990993641402733,20.99
39,cd barfiwala road,21100.0,26714.0,0.04010235024922526,4.01
40,chakala,19256.0,24678.0,0.0422149864291983,4.22
41,chandavarkar road,16800.0,23011.0,0.05383115839371855,5.38
42,chandivali,18040.0,21278.0,0.02789569040795703,2.79
43,chandivali farm road,15800.0,21337.0,0.05134691588611795,5.13
44,charkop gaon,13144.0,15911.0,0.03235322990098988,3.24
45,chembur,18628.0,22912.0,0.035101159866893994,3.51
46,chembur east,16900.0,23502.0,0.05650044963573264,5.65
47,chhatrapati shivaji maharaj international airport road,23000.0,37693.0,0.08581410281613122,8.58
48,chincholi bunder,7000.0,20233.0,0.19351268795931853,19.35
49,chincholi bunder road,10250.0,20439.0,0.12190468870336679,12.19
50,chinchpokli,17750.0,30581.0,0.09490276932918285,9.49
51,chunabhatti,17100.0,23566.0,0.05490890999532905,5.49
52,colaba,41130.0,39681.0,-0.0059597197487880615,-0.6
53,cuffe parade,59784.0,56281.0,-0.01001304334842934,-1.0
54,cumballa hill,57295.0,54931.0,-0.006997983890133397,-0.7
55,dadar,32099.0,39717.0,0.03612977879973167,3.61
56,dadar east,30278.0,37123.0,0.03455276743331681,3.46
57,dadar west,34329.0,41046.0,0.030231792824362502,3.02
58,dahanukar wadi,15523.0,19200.0,0.03606641334871541,3.61
59,dahisar,13610.0,17561.0,0.04339444354345923,4.34
60,dahisar east,12286.0,16193.0,0.04709511659560772,4.71
61,dahisar west,15092.0,19752.0,0.04586921565423552,4.59
62,dattapada,15843.0,24846.0,0.07787858387861957,7.79
63,daulat nagar borivali east,14700.0,19394.0,0.04726922786587551,4.73
64,deonar chembur,19000.0,28188.0,0.06795210716038946,6.8
65,deonar govandi east,21485.0,24774.0,0.024023985637905865,2.4
66,deonar village road,19800.0,24774.0,0.03805848775242593,3.81
67,derasar lane,19900.0,21755.0,0.014964849378982015,1.5
68,devidas road,18800.0,22527.0,0.03060185138490623,3.06
69,devipada,14235.0,18709.0,0.04660350280816239,4.66
70,dindoshi,17033.0,19243.0,0.020540565639294517,2.05
71,dn nagar,22700.0,27239.0,0.030847013562109504,3.08
72,dongri road,8000.0,9902.0,0.03618862998970007,3.62
73,dr annie besant road,33000.0,50417.0,0.07319138240114609,7.32
74,dr baba saheb ambedkar road,25800.0,36141.0,0.057783390048263605,5.78
75,eastern express highway,16000.0,26871.0,0.0902530435237896,9.03
76,eastern freeway,17400.0,25805.0,0.06788815459995612,6.79
77,evershine city gokhivare road,5700.0,6788.0,0.029543014715588622,2.95
78,evershine nagar,16167.0,20144.0,0.03733583050788858,3.73
79,film city road,15560.0,20611.0,0.047968539462937,4.8
80,four bungalows,19750.0,28439.0,0.06265234160327315,6.27
81,ganapatrao kadam marg,17000.0,47418.0,0.18644893770473647,18.64
82,ganesh nagar dahisar east,6050.0,17121.0,0.18931151955088188,18.93
83,garodia nagar,14800.0,27519.0,0.10890707786577325,10.89
84,ghatkopar,18336.0,22630.0,0.03569049912505107,3.57
85,ghatkoper east,18525.0,23490.0,0.04036915258596019,4.04
86,ghatkoper west,18271.0,18832.0,0.00505313207314817,0.51
87,ghodbunder road,8600.0,9879.0,0.023377244010724496,2.34
88,girgaon,21500.0,43175.0,0.12322212036186819,12.32
89,gokhale road,20500.0,39694.0,0.11642229483211808,11.64
90,gokhle road,35250.0,47445.0,0.05076408833134938,5.08
91,gokuldham colony goregaon east,16400.0,21583.0,0.04683441985644188,4.68
92,goregaon,16826.0,21568.0,0.04224902704768674,4.22
93,goregaon east,17173.0,21343.0,0.03689524384861809,3.69
94,goregaon mulund link road,7000.0,20486.0,0.19598717173061742,19.6
95,goregaon west,16775.0,21762.0,0.04433390891074285,4.43
96,govandi,16034.0,23944.0,0.069118400207824,6.91
97,govandi east,21540.0,23948.0,0.017819089068777494,1.78
98,gulmohar road,23000.0,42833.0,0.10919637829222495,10.92
99,hindu colony dadar east,25000.0,42119.0,0.0908281590908584,9.08
100,hiranandani link road,17000.0,28065.0,0.08714136548028661,8.71
101,ic colony,16743.0,21333.0,0.04120547399591956,4.12
102,jankalyan nagar,12871.0,15663.0,0.03326196475487264,3.33
103,jaywant sawant marg,15952.0,16377.0,0.00439189928560535,0.44
104,jb nagar,20590.0,25122.0,0.03371220525593577,3.37
105,jesal park road,7950.0,9473.0,0.029643150484118808,2.96
106,jp road,23400.0,26651.0,0.02191853286619394,2.19
107,juhu scheme,42200.0,48650.0,0.02398846775750818,2.4
108,juhu tara road,32800.0,26879.0,-0.03263609805880874,-3.26
109,juhu versova link road,25500.0,28009.0,0.015764203605971527,1.58
110,jvpd scheme,40808.0,43990.0,0.01259266060357156,1.26
111,kalina,21495.0,24419.0,0.02148439776248523,2.15
112,kanchpada,16119.0,21239.0,0.04704656156868858,4.7
113,kandarpada,14632.0,19145.0,0.04582402181547085,4.58
114,kandivali,15262.0,19447.0,0.04121446806486695,4.12
115,kandivali east,15416.0,20350.0,0.04736675667948709,4.74
116,kandivali west,15124.0,18814.0,0.03705648555201435,3.71
117,kanjurmarg,14920.0,18819.0,0.03945243237495322,3.95
118,kanjurmarg east,14876.0,18724.0,0.03908739650629611,3.91
119,kanjurmarg west,15092.0,18709.0,0.03645542662818135,3.65
120,kannamwar nagar 1,10800.0,16000.0,0.06770031584294811,6.77
121,khar,38059.0,42744.0,0.01953693736517992,1.95
122,khar danda road,28900.0,43108.0,0.06891541112464261,6.89
123,khar west,38274.0,42574.0,0.017903873959297822,1.79
124,kherwadi,21250.0,26133.0,0.03507476900129958,3.51
125,kokanipada malad east,16000.0,21582.0,0.05114335922804547,5.11
126,kurar village,15219.0,18494.0,0.03301697010461435,3.3
127,kurla,13000.0,18648.0,0.06197628356637819,6.2
128,kurla east,15647.0,18603.0,0.029260526315143087,2.93
129,kurla west,15425.0,18398.0,0.02981111185666907,2.98
130,lady jamshedji road,33900.0,38299.0,0.020542955822729914,2.05
131,lal bahadur shastri road,16322.0,19108.0,0.026613513159080115,2.66
132,lal baug,29684.0,33679.0,0.02126738088021951,2.13
133,lamington road,29400.0,39736.0,0.05149239531604777,5.15
134,liberty garden,14600.0,20449.0,0.05775853063215708,5.78
135,lokhandwala complex andheri west,25472.0,29700.0,0.025924891966306873,2.59
136,lokhandwala township kandivali east,13651.0,18449.0,0.051480914132278954,5.15
137,lower parel,31265.0,40527.0,0.044193544370145554,4.42
138,magathane,15867.0,21182.0,0.04932984121853967,4.93
139,mahalakshmi,34720.0,45191.0,0.0449095678148832,4.49
140,mahavir nagar kandivali west,18567.0,23133.0,0.03732545865562087,3.73
141,mahim,35887.0,35776.0,-0.0005161726353397622,-0.05
142,mahim west,31692.0,33053.0,0.007032621993788624,0.7
143,malabar hill,62468.0,67389.0,0.012718091386971553,1.27
144,malad,15422.0,19438.0,0.03932605107335263,3.93
145,malad east,15343.0,19269.0,0.03870322957796235,3.87
146,malad west,15658.0,19650.0,0.03857463341546885,3.86
147,marol,17619.0,20190.0,0.022961236757955472,2.3
148,marol maroshi road,17103.0,20350.0,0.029394917479056204,2.94
149,marve road,15550.0,19509.0,0.038526148534750115,3.85
150,matunga,32860.0,38301.0,0.025865502337756086,2.59
151,matunga east,33029.0,38260.0,0.02480583641872447,2.48
152,matunga west,32724.0,36175.0,0.016850311408396434,1.69
153,mazgaon,24844.0,28592.0,0.023694812252757158,2.37
154,military road,17800.0,20573.0,0.02442366854621425,2.44
155,mindspace,18366.0,20720.0,0.020303074169418345,2.03
156,mira bhayandar,7787.0,9874.0,0.04036841318774287,4.04
157,mira road area,7872.0,9949.0,0.03979819110525451,3.98
158,mulund,16559.0,20588.0,0.03696319504227086,3.7
159,mulund east,16964.0,19357.0,0.022237081904177947,2.22
160,mulund west,16554.0,21008.0,0.04051168002279515,4.05
161,mumbai central,30502.0,29224.0,-0.007108276794047574,-0.71
162,nahur east,15185.0,19213.0,0.03999215770714337,4.0
163,naigaon east,4322.0,5920.0,0.05383549926527986,5.38
164,naigaon palghar,4348.0,5887.0,0.051802220658659914,5.18
165,nala sopara,4521.0,5436.0,0.03119505920942145,3.12
166,nalasopara east,4940.0,5235.0,0.009713794439577095,0.97
167,nalasopara west,4296.0,5345.0,0.03708393330023574,3.71
168,napean sea road,63090.0,65669.0,0.006699792876757815,0.67
169,new link road,14202.0,20298.0,0.061330447108928876,6.13
170,orlem,15830.0,19979.0,0.03955819251468684,3.96
171,oshiwara,23440.0,24539.0,0.00766585401273745,0.77
172,pali hill,43397.0,48653.0,0.019236542776165377,1.92
173,pant nagar,17911.0,21722.0,0.03267420561786216,3.27
174,parel,27618.0,33244.0,0.03138348910609268,3.14
175,pedder road,54215.0,53678.0,-0.0016576893092717926,-0.17
176,powai,18752.0,24010.0,0.04205528596649577,4.21
177,prabhadevi,37487.0,48077.0,0.0423400993530918,4.23
178,raheja vihar,18794.0,20756.0,0.016687318737751644,1.67
179,rajendra nagar,15452.0,21779.0,0.05886893184247466,5.89
180,saki vihar road,17228.0,23118.0,0.05023357794259309,5.02
181,samata nagar thakur village,14823.0,22305.0,0.07047785261230288,7.05
182,sangeet samrat naushad ali road,15101.0,43398.0,0.1923689768128165,19.24
183,santacruz,25486.0,26796.0,0.008388881252339386,0.84
184,santacruz east,21584.0,24530.0,0.021553076331441323,2.16
185,santacruz west,35658.0,38745.0,0.01393422033531011,1.39
186,sector 8 charkop,13271.0,14638.0,0.016474174316948975,1.65
187,sewri,29083.0,33114.0,0.021869429439696608,2.19
188,shastri nagar andheri west,21450.0,27513.0,0.042361691444152916,4.24
189,shell colony,17901.0,20450.0,0.022435695577860626,2.24
190,shimpoli,17967.0,24621.0,0.053913627299431166,5.39
191,shivaji park,37047.0,43781.0,0.02822645124356815,2.82
192,siddharth nagar borivali east,15797.0,20225.0,0.042043027564034,4.2
193,sion,23099.0,28643.0,0.0365037730915192,3.65
194,sion trombay road,20624.0,22940.0,0.01789602623599662,1.79
195,sunder nagar malad west,18303.0,20404.0,0.018275995226653352,1.83
196,tardeo,51034.0,51886.0,0.0027632987239638584,0.28
197,thakur complex,16128.0,18075.0,0.019177041273792605,1.92
198,thakur village,16534.0,21948.0,0.04834164026531229,4.83
199,tilak nagar chembur,15996.0,19915.0,0.03719755870284658,3.72
200,upper govind nagar,15750.0,17293.0,0.015698857387612897,1.57
201,vakola,19161.0,22402.0,0.02638769549240405,2.64
202,vasai,5381.0,6847.0,0.04097321746784455,4.1
203,vasai east,4932.0,6259.0,0.04051173023498178,4.05
204,vasai west,6191.0,7411.0,0.030431994455251354,3.04
205,veera desai industrial estate,20614.0,25137.0,0.033614347054563565,3.36
206,veera desai road,20204.0,24339.0,0.031519783723664485,3.15
207,versova andheri west,23080.0,28076.0,0.03319724201248886,3.32
208,versova marg,19367.0,26711.0,0.05504576641239001,5.5
209,vikhroli,20483.0,19777.0,-0.005828883666934681,-0.58
210,vikhroli east,19995.0,19005.0,-0.00842764326280454,-0.84
211,vikhroli west,15825.0,23250.0,0.066219300449607,6.62
212,vile parle,29875.0,37619.0,0.03916191634164612,3.92
213,vile parle east,28969.0,31754.0,0.015416359537391289,1.54
214,vile parle west,32241.0,41482.0,0.0428980704298354,4.29
215,virar,4530.0,6008.0,0.048186640889915644,4.82
216,virar east,4305.0,4829.0,0.01932812726797395,1.93
217,virar west,4677.0,6151.0,0.04671808088864715,4.67
218,wadala,22128.0,27155.0,0.03470831881308656,3.47
219,wadala east,22070.0,25993.0,0.027643182922251874,2.76
220,walkeshwar,58646.0,67250.0,0.023078556643013837,2.31
221,worli,36792.0,50083.0,0.05274411699572368,5.27
222,worli hill road,37524.0,20225.0,-0.09788223798761209,-9.79
223,worli sea face,42892.0,57585.0,0.05032131480902069,5.03
224,yari road,23280.0,23586.0,0.0021788189846640993,0.22
