Location,Latitude,Longitude
100 Feet Anand Nagar Road,,
100 Feet Road,25.0567496,73.8853529
100 Feet Road,25.0567496,73.8853529
120 Feet Ring Road,23.039482950090953,72.54875803151484
132 Feet Ring Road,23.039482950090953,72.54875803151484
Aarohi Club Road,,
Airport Road,23.078383638962723,72.61851301082231
Ambawadi,23.0226117,72.5490834
Ambawadi,23.0226117,72.5490834
Ambli,23.02871785,72.48164295008098
Ambli,23.02871785,72.48164295008098
Ambli Bopal Road,23.027559667252962,72.50430922375548
Ambli Bopal Road,23.027559667252962,72.50430922375548
Ambli Road,23.0535306,72.4934085
Ambli Road,23.0535306,72.4934085
Anand Nagar Prahlad Nagar,,
Anand Nagar Prahlad Nagar,,
Ashram Road,23.024602493644654,72.57122733696
Ashram Road,23.024602493644654,72.57122733696
Ashram Road Area,,
Balol Nagar Cross Road,23.0801307,72.5686829
Bhadaj,23.0868734,72.4835036
Boakdev,,
Bodakdev,23.0445921,72.517344
Bopal,23.023538549999998,72.47052697610516
Bopal,23.023538549999998,72.47052697610516
Bopal Ghuma Road,23.030364685123153,72.45322627039673
Bopal Road,23.027945435325613,72.49726994089141
Chanakyapuri,23.086171,72.534872
Chandkheda,23.1100643,72.5811205
Chandlodiya,23.0751633,72.5440359
Chandlodiya Road,23.0751633,72.5440359
Chenpur Road,23.1029936,72.5697277
Chharodi,23.0393458,72.2748933
Chharodi,23.0393458,72.2748933
Chimanlal Girdharlal Road,23.01931898762914,72.55759224734254
Chimanlal Girdharlal Road,23.01931898762914,72.55759224734254
Corporate Road,23.00299856260216,72.50336605818352
Corporate Road,23.00299856260216,72.50336605818352
Daskroi,22.95382345,72.75027555946319
Daxini Society,,
Dev Kutir 1,,
Devnagar,,
Drive In Road,23.044773479930587,72.54382604116614
Drive In Road,23.044773479930587,72.54382604116614
Ellisbridge,23.02309165,72.57198405375046
Friends Colony Bodakdev,,
Friends Colony Bodakdev,,
Gala Gymkhana Road,23.02363064549443,72.47145966215277
Gala Gymkhana Road,23.02363064549443,72.47145966215277
Ghatlodiya,23.075569,72.549728
Ghodasar,22.99124285,72.61642315668566
Ghuma,23.0295113,72.4506006
Ghuma Road,23.030364685123153,72.45322627039673
Godhavi,23.0233196,72.4087089
Gota,23.1010002,72.5408363
Gota,23.1010002,72.5408363
Gota Gam,,
Gulbai Tekra,23.0265739,72.5489628
Gurukul,23.0457058,72.5268056
Hebatpur,22.1398631,72.1004929
Iscon Ambli Road,,
Iscon Ambli Road,,
Jagatpur,23.111423999928483,72.54800470461656
Jagatpur,23.111423999928483,72.54800470461656
Jagatpur Road,23.0892732954515,72.55006597074374
Jagatpur Road,23.0892732954515,72.55006597074374
Jagatpur Village,,
Jain Nagar Ghuma,,
Jodhpur Gam Road,,
Jodhpur Gam Road,,
Jodhpur Village,,
Jodhpur Village Road,,
Judges Bunglow Road,23.03114993185118,72.52632678301174
Judges Bunglow Road,23.03114993185118,72.52632678301174
Kathwada Road,23.0341362,72.68375
Khodiyar,23.1559206,72.5483
Khokhra,23.0008422,72.6186315
Koteshwar,23.094619,72.61194155740029
Koteshwar Mandir Road,23.094619,72.61194155740029
Makarba,22.996342,72.5043085
Makarba,22.996342,72.5043085
Makarba Road,23.0004261,72.49978143918341
Maninagar,22.9986596,72.6114013
Maninagar Road,22.9972438,72.606434
Memnagar,23.0530844,72.5329308
Motera,23.0917717,72.59733447335586
Motera Koteshwar Road,,
Motera Road,23.07916247391716,72.59472384015547
Motera Stadium Road,23.081960406982123,72.60705958425234
Naranpura,23.0567133,72.5508575
Naroda,23.0732586,72.6508299
Naroda Dehgam Road,23.082753971609215,72.674981944778
Naroda Road,23.033147853348872,72.60198817481552
Narol Road,22.97317625,72.5925332
Narol Vatva Road,,
Narolgam,,
Nava Naroda,23.0687402,72.6734956
Nava Vadaj,23.0682238,72.5640995
Navrangpura,23.0359998,72.5643429
Navrangpura,23.0359998,72.5643429
Nehru Nagar Ambawadi,23.0225299,72.5416944
Nehru Nagar Ambawadi,23.0225299,72.5416944
New CG Road,23.1089092,72.5952869
New Ranip,23.092529,72.561323
New Vatva Road,,
Nikol,23.058932900000002,72.6718736720388
Nikol Gam Road,,
Nikol Naroda Road,23.05682176549827,72.66509332486221
North Bopal Road,,
NR Vandematram Cross Road,,
NR Vandematram Cross Road,,
Nyay Marg,,
Nyay Marg,,
Ognaj,23.1177924,72.5136803
Ognaj Gota Road,,
Paldi,23.0145531,72.5635432
Paldi Road,23.02267875,72.57072579394716
Prahlad Nagar,22.999936851111826,72.50501110255662
Prahlad Nagar,22.999936851111826,72.50501110255662
Prematirth Derasar Road,,
Prernatirth Derasar Road,,
Rajpath Rangoli Road,,
Rajpath Rangoli Road,,
Ramdev Nagar,23.0264444,72.5120935
Ramdevnagar Road,23.026632002696225,72.51161164072045
Rampura Road,,
Ranip,23.0766234,72.5764197
Sanand,23.0238876,72.3851475
Sanand Nalsarovar Road,,
Sanand Sarkhej Road,,
Sanand Sarkhej Road,,
Sanand Viramgam Highway,23.01876874821709,72.32854751043237
Sanathal,22.9645191,72.4704112
Sardar Patel Ring Road,22.92543310846498,72.56983927115735
Sardar Patel Ring Road,22.92543310846498,72.56983927115735
Sarkhej,22.983483,72.5007203
Sarkhej Ahmedabad Main Road,,
Sarkhej Gandhinagar Highway,23.01339831047708,72.50340792359067
Sarkhej Gandhinagar Highway,23.01339831047708,72.50340792359067
Sarkhej Okef,,
Satellite,23.027956406339026,72.51897523353688
Satellite,23.027956406339026,72.51897523353688
Satellite Road,23.023097859353026,72.53645623671648
Satellite Road,23.023097859353026,72.53645623671648
Satya Marg,23.034508717962847,72.51508980153255
Science City,23.077854,72.49479798780331
Science City,23.077854,72.49479798780331
Science City Road,23.07965734930677,72.50079751109124
Science City Road,23.07965734930677,72.50079751109124
Sector 7 South Bopal,23.023538549999998,72.47052697610516
Shahibag,,
Shantigram,23.16040095,72.542511078472
Shantigram Road,,
Shantipura Circle,22.987597,72.47144058390487
Shayamal Cross Road,,
Shela,23.0108213,72.44271186959236
Shilaj,23.0544372,72.4720756
Shilaj Ambli,,
Shivranjani Cross Road,23.024372550000002,72.5302342299731
Shivranjani Cross Road,23.024372550000002,72.5302342299731
Shyamal,23.015436649999998,72.52926222666153
Shyamal Cross Road,23.01396635,72.52886355220377
Sindhu Bhavan Marg,,
Sindhu Bhavan Marg,,
Sola,23.069237,72.5111307
Sola Road,23.056949915222322,72.54032036852736
Sola Road,23.056949915222322,72.54032036852736
South Bopal,23.023538549999998,72.47052697610516
South Bopal,23.023538549999998,72.47052697610516
Thaltej,23.0485393,72.511742
Thaltej,23.0485393,72.511742
Thaltej Shilaj Road,23.05261461922038,72.48171560438053
Thaltej Shilaj Road,23.05261461922038,72.48171560438053
Tragad Road,23.122576518900644,72.56012978479437
Tragad Road,23.122576518900644,72.56012978479437
Ullaria Road,,
Umiya Dham Road,,
University Road,23.03890210280218,72.55194540907226
Usmanpura,23.0494863,72.5672615
Vaishnodevi Circle,,
Vaishnodevi Circle,,
Vandematram Arcade,,
Vasna,23.0020055,72.5472413
Vastral,22.9948656,72.6624431
Vastral Road,22.998432078076167,72.66294564014521
Vastrapur,23.0400861,72.5290418
Vastrapur,23.0400861,72.5290418
Vatva,22.9589978,72.6297981
Vejalpur,23.0069372,72.5208415
Vejalpur Road,23.0034513,72.5189187
Vijay Cross Road,,
Vijay Cross Road,,
Zalod Ahmedabad Highway,,
Zundal,,
